"Date","Price","Open","High","Low","Vol.","Change %"
"12/31/2025","8.2145","8.2193","8.2332","8.1890","","-0.06%"
"12/30/2025","8.2193","8.2447","8.2505","8.2159","","-0.35%"
"12/29/2025","8.2478","8.2476","8.2685","8.2313","","-0.01%"
"12/26/2025","8.2487","8.2537","8.2662","8.2403","","-0.04%"
"12/25/2025","8.2519","8.2657","8.2660","8.2480","","-0.13%"
"12/24/2025","8.2625","8.2887","8.2997","8.2579","","-0.33%"
"12/23/2025","8.2898","8.2727","8.2946","8.2683","","0.17%"
"12/22/2025","8.2759","8.2472","8.2824","8.2415","","0.38%"
"12/19/2025","8.2448","8.2537","8.2648","8.2396","","-0.12%"
"12/18/2025","8.2544","8.2697","8.2819","8.2472","","-0.19%"
"12/17/2025","8.2697","8.2724","8.2817","8.2450","","-0.03%"
"12/16/2025","8.2720","8.2828","8.3120","8.2639","","-0.14%"
"12/15/2025","8.2836","8.2838","8.2937","8.2654","","0.01%"
"12/12/2025","8.2831","8.2851","8.2911","8.2677","","-0.02%"
"12/11/2025","8.2851","8.2624","8.3024","8.2493","","0.27%"
"12/10/2025","8.2624","8.2125","8.2663","8.2084","","0.61%"
"12/09/2025","8.2125","8.2290","8.2374","8.2052","","-0.21%"
"12/08/2025","8.2297","8.2334","8.2501","8.2145","","-0.02%"
"12/05/2025","8.2316","8.2342","8.2509","8.2213","","-0.03%"
"12/04/2025","8.2342","8.2435","8.2604","8.2321","","-0.12%"
"12/03/2025","8.2445","8.2203","8.2488","8.2167","","0.31%"
"12/02/2025","8.2189","8.2107","8.2210","8.1959","","0.11%"
"12/01/2025","8.2096","8.2045","8.2404","8.1978","","0.06%"
"11/28/2025","8.2045","8.2093","8.2143","8.1758","","-0.06%"
"11/27/2025","8.2093","8.2050","8.2225","8.1992","","0.05%"
"11/26/2025","8.2050","8.1973","8.2125","8.1732","","0.09%"
"11/25/2025","8.1973","8.1832","8.2084","8.1674","","0.17%"
"11/24/2025","8.1832","8.1821","8.2068","8.1747","","0.01%"
"11/21/2025","8.1821","8.2042","8.2161","8.1662","","-0.27%"
"11/20/2025","8.2042","8.2046","8.2141","8.1858","","-0.01%"
"11/19/2025","8.2053","8.2315","8.2454","8.1911","","-0.32%"
"11/18/2025","8.2315","8.2393","8.2550","8.2245","","-0.09%"
"11/17/2025","8.2389","8.2504","8.2536","8.2325","","-0.14%"
"11/14/2025","8.2504","8.2589","8.2742","8.2394","","-0.05%"
"11/13/2025","8.2546","8.2458","8.2709","8.2252","","0.10%"
"11/12/2025","8.2462","8.2433","8.2495","8.2280","","0.04%"
"11/11/2025","8.2433","8.2286","8.2603","8.2211","","0.18%"
"11/10/2025","8.2286","8.2380","8.2449","8.2173","","-0.11%"
"11/07/2025","8.2380","8.2208","8.2561","8.2118","","0.21%"
"11/06/2025","8.2211","8.1901","8.2246","8.1886","","0.37%"
"11/05/2025","8.1904","8.1868","8.1994","8.1740","","0.04%"
"11/04/2025","8.1868","8.2030","8.2175","8.1777","","-0.20%"
"11/03/2025","8.2034","8.2103","8.2183","8.1928","","-0.08%"
"10/31/2025","8.2103","8.2236","8.2349","8.2000","","-0.16%"
"10/30/2025","8.2236","8.2346","8.2668","8.2149","","-0.14%"
"10/29/2025","8.2350","8.2717","8.2808","8.2183","","-0.44%"
"10/28/2025","8.2717","8.2799","8.2941","8.2558","","-0.10%"
"10/27/2025","8.2802","8.2795","8.2952","8.2616","","0.01%"
"10/24/2025","8.2795","8.2752","8.2961","8.2630","","0.05%"
"10/23/2025","8.2755","8.2745","8.2780","8.2534","","0.02%"
"10/22/2025","8.2741","8.2617","8.2831","8.2504","","0.15%"
"10/21/2025","8.2617","8.2895","8.2992","8.2592","","-0.33%"
"10/20/2025","8.2888","8.3119","8.3187","8.2863","","-0.18%"
"10/17/2025","8.3041","8.3262","8.3520","8.3034","","-0.27%"
"10/16/2025","8.3262","8.3008","8.3315","8.2948","","0.31%"
"10/15/2025","8.3008","8.2859","8.3016","8.2745","","0.18%"
"10/14/2025","8.2859","8.2522","8.2934","8.2407","","0.42%"
"10/13/2025","8.2514","8.2913","8.2952","8.2425","","-0.48%"
"10/10/2025","8.2913","8.2437","8.2982","8.2334","","0.58%"
"10/09/2025","8.2437","8.2758","8.3065","8.2277","","-0.42%"
"10/08/2025","8.2783","8.2972","8.3032","8.2572","","-0.25%"
"10/07/2025","8.2993","8.3388","8.3420","8.2925","","-0.45%"
"10/06/2025","8.3370","8.3601","8.3601","8.2950","","-0.28%"
"10/03/2025","8.3601","8.3409","8.3722","8.3392","","0.23%"
"10/02/2025","8.3412","8.3506","8.3722","8.3174","","-0.12%"
"10/01/2025","8.3513","8.3537","8.3862","8.3399","","-0.03%"
"09/30/2025","8.3541","8.3486","8.3748","8.3383","","0.07%"
"09/29/2025","8.3486","8.3479","8.3696","8.3348","","0.01%"
"09/26/2025","8.3479","8.3239","8.3519","8.3178","","0.29%"
"09/25/2025","8.3239","8.3721","8.3803","8.3089","","-0.58%"
"09/24/2025","8.3721","8.4030","8.4066","8.3638","","-0.37%"
"09/23/2025","8.4034","8.3971","8.4070","8.3792","","0.07%"
"09/22/2025","8.3978","8.3576","8.3986","8.3414","","0.48%"
"09/19/2025","8.3576","8.3838","8.3875","8.3469","","-0.31%"
"09/18/2025","8.3838","8.3911","8.4198","8.3546","","-0.09%"
"09/17/2025","8.3915","8.4430","8.4672","8.3876","","-0.61%"
"09/16/2025","8.4430","8.3748","8.4511","8.3699","","0.84%"
"09/15/2025","8.3728","8.3603","8.3827","8.3457","","0.15%"
"09/12/2025","8.3603","8.3527","8.3663","8.3364","","0.09%"
"09/11/2025","8.3527","8.3282","8.3627","8.3108","","0.29%"
"09/10/2025","8.3282","8.3382","8.3544","8.3197","","-0.12%"
"09/09/2025","8.3379","8.3868","8.3954","8.3343","","-0.59%"
"09/08/2025","8.3876","8.3590","8.3890","8.3469","","0.34%"
"09/05/2025","8.3590","8.3190","8.3901","8.3173","","0.48%"
"09/04/2025","8.3190","8.3285","8.3315","8.3038","","-0.12%"
"09/03/2025","8.3288","8.3104","8.3454","8.2974","","0.21%"
"09/02/2025","8.3111","8.3591","8.3648","8.2985","","-0.57%"
"09/01/2025","8.3591","8.3331","8.3730","8.3323","","0.31%"
"08/29/2025","8.3331","8.3304","8.3495","8.3078","","0.03%"
"08/28/2025","8.3304","8.3265","8.3420","8.3007","","0.05%"
"08/27/2025","8.3265","8.3282","8.3320","8.2896","","-0.01%"
"08/26/2025","8.3274","8.3098","8.3489","8.3026","","0.22%"
"08/25/2025","8.3090","8.3957","8.4047","8.2973","","-1.03%"
"08/22/2025","8.3957","8.3337","8.4151","8.3210","","0.75%"
"08/21/2025","8.3334","8.3624","8.3717","8.3290","","-0.33%"
"08/20/2025","8.3614","8.3650","8.3771","8.3490","","-0.05%"
"08/19/2025","8.3657","8.3783","8.3947","8.3619","","-0.15%"
"08/18/2025","8.3780","8.3988","8.4164","8.3747","","-0.28%"
"08/15/2025","8.4016","8.3643","8.4149","8.3618","","0.45%"
"08/14/2025","8.3636","8.3988","8.4064","8.3499","","-0.42%"
"08/13/2025","8.3992","8.3814","8.4164","8.3767","","0.22%"
"08/12/2025","8.3806","8.3502","8.3997","8.3367","","0.36%"
"08/11/2025","8.3502","8.3635","8.3847","8.3290","","-0.15%"
"08/08/2025","8.3624","8.3775","8.3880","8.3541","","-0.18%"
"08/07/2025","8.3775","8.3746","8.3974","8.3372","","0.03%"
"08/06/2025","8.3746","8.3141","8.3814","8.3076","","0.71%"
"08/05/2025","8.3159","8.3065","8.3241","8.2846","","0.11%"
"08/04/2025","8.3065","8.3502","8.3635","8.2887","","-0.58%"
"08/01/2025","8.3552","8.2193","8.3639","8.2145","","1.65%"
"07/31/2025","8.2197","8.2038","8.2440","8.2035","","0.18%"
"07/30/2025","8.2053","8.2875","8.3061","8.2017","","-0.98%"
"07/29/2025","8.2868","8.3188","8.3267","8.2677","","-0.38%"
"07/28/2025","8.3184","8.4213","8.4392","8.3156","","-1.17%"
"07/25/2025","8.4170","8.4054","8.4292","8.3896","","0.14%"
"07/24/2025","8.4054","8.4290","8.4349","8.3943","","-0.28%"
"07/23/2025","8.4290","8.4334","8.4356","8.3846","","-0.06%"
"07/22/2025","8.4338","8.3931","8.4385","8.3787","","0.48%"
"07/21/2025","8.3931","8.3458","8.4093","8.3355","","0.58%"
"07/18/2025","8.3451","8.3302","8.3784","8.3269","","0.18%"
"07/17/2025","8.3305","8.3578","8.3595","8.2996","","-0.27%"
"07/16/2025","8.3534","8.3207","8.4158","8.3054","","0.38%"
"07/15/2025","8.3214","8.3620","8.3892","8.3150","","-0.46%"
"07/14/2025","8.3602","8.3567","8.3861","8.3514","","-0.24%"
"07/11/2025","8.3801","8.3953","8.4003","8.3662","","-0.18%"
"07/10/2025","8.3950","8.4130","8.4367","8.3673","","-0.25%"
"07/09/2025","8.4158","8.4120","8.4209","8.3933","","0.05%"
"07/08/2025","8.4116","8.4012","8.4364","8.3811","","0.13%"
"07/07/2025","8.4005","8.4396","8.4485","8.3851","","-0.47%"
"07/04/2025","8.4399","8.4288","8.4446","8.4259","","0.14%"
"07/03/2025","8.4285","8.4546","8.4672","8.3924","","-0.31%"
"07/02/2025","8.4546","8.4598","8.4627","8.4211","","-0.06%"
"07/01/2025","8.4598","8.4440","8.4721","8.4268","","0.18%"
"06/30/2025","8.4444","8.4023","8.4455","8.3882","","0.45%"
"06/27/2025","8.4063","8.3832","8.4276","8.3721","","0.24%"
"06/26/2025","8.3864","8.3673","8.4184","8.3638","","0.22%"
"06/25/2025","8.3678","8.3259","8.3721","8.3120","","0.50%"
"06/24/2025","8.3259","8.3123","8.3495","8.3067","","0.16%"
"06/23/2025","8.3123","8.2429","8.3159","8.2246","","0.48%"
"06/20/2025","8.2730","8.2630","8.2884","8.2519","","0.12%"
"06/19/2025","8.2630","8.2559","8.2670","8.2312","","0.11%"
"06/18/2025","8.2541","8.2490","8.2890","8.2398","","0.06%"
"06/17/2025","8.2490","8.3048","8.3161","8.2447","","-0.63%"
"06/16/2025","8.3012","8.2804","8.3408","8.2768","","0.06%"
"06/13/2025","8.2966","8.3081","8.3318","8.2530","","-0.16%"
"06/12/2025","8.3103","8.2664","8.3455","8.2610","","0.57%"
"06/11/2025","8.2632","8.2134","8.2718","8.1963","","0.62%"
"06/10/2025","8.2120","8.2016","8.2250","8.1775","","0.12%"
"06/09/2025","8.2023","8.1957","8.2172","8.1793","","0.12%"
"06/06/2025","8.1925","8.2126","8.2226","8.1744","","-0.25%"
"06/05/2025","8.2130","8.2037","8.2457","8.1906","","0.11%"
"06/04/2025","8.2037","8.1739","8.2166","8.1674","","0.37%"
"06/03/2025","8.1735","8.2373","8.2477","8.1682","","-0.78%"
"06/02/2025","8.2380","8.1667","8.2444","8.1664","","0.83%"
"05/30/2025","8.1703","8.1671","8.1851","8.1459","","-0.02%"
"05/29/2025","8.1718","8.1273","8.1811","8.0654","","0.57%"
"05/28/2025","8.1251","8.1516","8.1638","8.1176","","-0.33%"
"05/27/2025","8.1519","8.1844","8.1988","8.1473","","-0.40%"
"05/26/2025","8.1845","8.1611","8.1926","8.1568","","0.29%"
"05/23/2025","8.1608","8.1268","8.1733","8.1169","","0.42%"
"05/22/2025","8.1268","8.1619","8.1716","8.1085","","-0.42%"
"05/21/2025","8.1611","8.1458","8.1864","8.1429","","0.19%"
"05/20/2025","8.1458","8.1080","8.1483","8.0933","","0.42%"
"05/19/2025","8.1120","8.0534","8.1420","8.0527","","0.79%"
"05/16/2025","8.0483","8.0638","8.0792","8.0246","","-0.20%"
"05/15/2025","8.0643","8.0570","8.0929","8.0506","","0.11%"
"05/14/2025","8.0555","8.0604","8.1142","8.0479","","-0.06%"
"05/13/2025","8.0607","7.9851","8.0676","7.9791","","0.93%"
"05/12/2025","7.9862","8.1188","8.1369","7.9700","","-1.89%"
"05/09/2025","8.1402","8.1232","8.1736","8.1113","","0.21%"
"05/08/2025","8.1232","8.1645","8.2031","8.1113","","-0.54%"
"05/07/2025","8.1671","8.2054","8.2229","8.1588","","-0.48%"
"05/06/2025","8.2062","8.2272","8.2315","8.1604","","-0.26%"
"05/05/2025","8.2272","8.2185","8.2639","8.2108","","0.16%"
"05/02/2025","8.2137","8.2112","8.2755","8.1974","","0.03%"
"05/01/2025","8.2112","8.2374","8.2468","8.1919","","-0.32%"
"04/30/2025","8.2374","8.2767","8.2851","8.2290","","-0.47%"
"04/29/2025","8.2767","8.3320","8.3327","8.2681","","-0.66%"
"04/28/2025","8.3320","8.2851","8.3342","8.2636","","0.60%"
"04/25/2025","8.2825","8.3012","8.3052","8.2447","","-0.23%"
"04/24/2025","8.3012","8.2452","8.3117","8.2442","","0.68%"
"04/23/2025","8.2452","8.3521","8.3569","8.2416","","-1.27%"
"04/22/2025","8.3510","8.3969","8.4388","8.3485","","-0.51%"
"04/21/2025","8.3939","8.3135","8.4341","8.3132","","0.95%"
"04/18/2025","8.3149","8.2979","8.3231","8.2869","","0.25%"
"04/17/2025","8.2939","8.3256","8.3365","8.2740","","-0.39%"
"04/16/2025","8.3266","8.2544","8.3418","8.2526","","0.90%"
"04/15/2025","8.2522","8.2995","8.3186","8.2405","","-0.56%"
"04/14/2025","8.2983","8.2313","8.3437","8.2284","","0.18%"
"04/11/2025","8.2833","8.1933","8.3988","8.1842","","1.15%"
"04/10/2025","8.1895","8.0494","8.2226","8.0428","","1.75%"
"04/09/2025","8.0489","8.0423","8.1555","8.0211","","0.11%"
"04/08/2025","8.0404","7.9698","8.0589","7.9698","","0.90%"
"04/07/2025","7.9688","7.9345","8.0727","7.9251","","-0.10%"
"04/04/2025","7.9767","8.0481","8.0893","7.9550","","-0.86%"
"04/03/2025","8.0458","7.8899","8.1341","7.8532","","1.99%"
"04/02/2025","7.8889","7.8471","7.9404","7.8376","","0.54%"
"04/01/2025","7.8462","7.8505","7.8732","7.8348","","-0.04%"
"03/31/2025","7.8496","7.8605","7.8783","7.8263","","-0.18%"
"03/28/2025","7.8634","7.8477","7.8774","7.8189","","0.22%"
"03/27/2025","7.8464","7.8158","7.8622","7.8006","","0.41%"
"03/26/2025","7.8140","7.8320","7.8475","7.8089","","-0.22%"
"03/25/2025","7.8309","7.8353","7.8621","7.8269","","-0.03%"
"03/24/2025","7.8333","7.8354","7.8746","7.8204","","-0.07%"
"03/21/2025","7.8386","7.8663","7.8727","7.8270","","-0.33%"
"03/20/2025","7.8645","7.8838","7.8968","7.8366","","-0.22%"
"03/19/2025","7.8815","7.9115","7.9164","7.8530","","-0.35%"
"03/18/2025","7.9088","7.9014","7.9173","7.8735","","0.13%"
"03/17/2025","7.8988","7.8735","7.9064","7.8587","","0.32%"
"03/14/2025","7.8739","7.8620","7.8949","7.8337","","0.16%"
"03/13/2025","7.8611","7.8804","7.8878","7.8431","","-0.22%"
"03/12/2025","7.8783","7.8936","7.9179","7.8745","","-0.16%"
"03/11/2025","7.8913","7.8655","7.9138","7.8541","","0.36%"
"03/10/2025","7.8631","7.8390","7.8957","7.8354","","0.35%"
"03/07/2025","7.8359","7.8160","7.8795","7.8139","","0.28%"
"03/06/2025","7.8142","7.8249","7.8668","7.8023","","-0.10%"
"03/05/2025","7.8219","7.7213","7.8296","7.7055","","1.34%"
"03/04/2025","7.7184","7.6401","7.7224","7.6224","","1.05%"
"03/03/2025","7.6383","7.5620","7.6521","7.5617","","1.09%"
"02/28/2025","7.5559","7.5769","7.5904","7.5461","","-0.25%"
"02/27/2025","7.5745","7.6119","7.6243","7.5730","","-0.47%"
"02/26/2025","7.6101","7.6246","7.6442","7.6039","","-0.17%"
"02/25/2025","7.6232","7.5875","7.6300","7.5813","","0.50%"
"02/24/2025","7.5853","7.6088","7.6311","7.5772","","0.04%"
"02/21/2025","7.5822","7.6198","7.6238","7.5762","","-0.47%"
"02/20/2025","7.6183","7.5908","7.6220","7.5710","","0.37%"
"02/19/2025","7.5899","7.6021","7.6183","7.5755","","-0.17%"
"02/18/2025","7.6025","7.6158","7.6239","7.5963","","-0.14%"
"02/17/2025","7.6130","7.6087","7.6204","7.5996","","0.05%"
"02/14/2025","7.6091","7.6284","7.6321","7.5964","","-0.23%"
"02/13/2025","7.6270","7.5919","7.6306","7.5618","","0.51%"
"02/12/2025","7.5880","7.5714","7.6233","7.5407","","0.23%"
"02/11/2025","7.5703","7.5294","7.5864","7.5213","","0.56%"
"02/10/2025","7.5280","7.5249","7.5517","7.4928","","0.02%"
"02/07/2025","7.5265","7.5689","7.5883","7.5110","","-0.52%"
"02/06/2025","7.5660","7.5651","7.5787","7.5453","","0.02%"
"02/05/2025","7.5643","7.5247","7.5994","7.5193","","0.53%"
"02/04/2025","7.5241","7.5012","7.5327","7.4486","","0.32%"
"02/03/2025","7.5001","7.4602","7.5051","7.4043","","-0.17%"
"01/31/2025","7.5132","7.5346","7.5668","7.5051","","-0.27%"
"01/30/2025","7.5335","7.5563","7.5907","7.5313","","-0.29%"
"01/29/2025","7.5552","7.5635","7.5736","7.5284","","-0.08%"
"01/28/2025","7.5610","7.6085","7.6100","7.5516","","-0.60%"
"01/27/2025","7.6067","7.5974","7.6382","7.5821","","0.07%"
"01/24/2025","7.6011","7.5921","7.6242","7.5638","","0.14%"
"01/23/2025","7.5905","7.5703","7.6080","7.5596","","0.29%"
"01/22/2025","7.5688","7.5844","7.6016","7.5575","","-0.19%"
"01/21/2025","7.5831","7.6059","7.6194","7.5327","","-0.27%"
"01/20/2025","7.6033","7.5273","7.6194","7.5201","","1.06%"
"01/17/2025","7.5234","7.5509","7.5691","7.5226","","-0.35%"
"01/16/2025","7.5501","7.5424","7.5626","7.5226","","0.10%"
"01/15/2025","7.5422","7.5570","7.5905","7.5208","","-0.19%"
"01/14/2025","7.5562","7.5116","7.5577","7.5049","","0.60%"
"01/13/2025","7.5108","7.5094","7.5163","7.4622","","-0.01%"
"01/10/2025","7.5115","7.5529","7.5619","7.4905","","-0.52%"
"01/09/2025","7.5506","7.5655","7.5674","7.5400","","-0.19%"
"01/08/2025","7.5647","7.5756","7.5936","7.5322","","-0.13%"
"01/07/2025","7.5748","7.6087","7.6459","7.5752","","-0.44%"
"01/06/2025","7.6079","7.5424","7.6399","7.5366","","0.83%"
"01/03/2025","7.5454","7.4925","7.5476","7.4878","","0.71%"
"01/02/2025","7.4921","7.5582","7.5733","7.4633","","-0.88%"
"01/01/2025","7.5587","7.5574","7.5630","7.5548","","0.02%"
"12/31/2024","7.5570","7.5964","7.6096","7.5504","","-0.52%"
"12/30/2024","7.5964","7.6144","7.6339","7.5709","","-0.17%"
"12/27/2024","7.6096","7.6069","7.6234","7.5931","","0.05%"
"12/26/2024","7.6061","7.5915","7.6121","7.5837","","0.18%"
"12/25/2024","7.5923","7.5856","7.6010","7.5849","","0.11%"
"12/24/2024","7.5842","7.5940","7.5984","7.5747","","-0.13%"
"12/23/2024","7.5939","7.6066","7.6237","7.5792","","-0.20%"
"12/20/2024","7.6091","7.5619","7.6231","7.5481","","0.64%"
"12/19/2024","7.5606","7.5440","7.6054","7.5395","","0.23%"
"12/18/2024","7.5429","7.6431","7.6575","7.5374","","-1.28%"
"12/17/2024","7.6408","7.6565","7.6736","7.6337","","-0.19%"
"12/16/2024","7.6551","7.6379","7.6649","7.6288","","0.19%"
"12/13/2024","7.6408","7.6102","7.6558","7.6069","","0.43%"
"12/12/2024","7.6079","7.6216","7.6477","7.6069","","-0.14%"
"12/11/2024","7.6184","7.6329","7.6546","7.6100","","-0.17%"
"12/10/2024","7.6314","7.6633","7.6659","7.6125","","-0.39%"
"12/09/2024","7.6612","7.6811","7.6936","7.6578","","-0.28%"
"12/06/2024","7.6829","7.6860","7.7168","7.6657","","-0.02%"
"12/05/2024","7.6846","7.6363","7.6887","7.6337","","0.67%"
"12/04/2024","7.6336","7.6579","7.6609","7.6132","","-0.30%"
"12/03/2024","7.6566","7.6343","7.6765","7.6248","","0.31%"
"12/02/2024","7.6328","7.6607","7.6694","7.6055","","-0.34%"
"11/29/2024","7.6587","7.6466","7.6666","7.6340","","0.18%"
"11/28/2024","7.6446","7.6571","7.6601","7.6305","","-0.13%"
"11/27/2024","7.6545","7.6059","7.6727","7.6014","","0.65%"
"11/26/2024","7.6052","7.5974","7.6451","7.5475","","0.11%"
"11/25/2024","7.5971","7.5863","7.6244","7.5711","","0.63%"
"11/22/2024","7.5498","7.5809","7.6063","7.4916","","-0.39%"
"11/21/2024","7.5791","7.6381","7.6446","7.5718","","-0.79%"
"11/20/2024","7.6394","7.6693","7.6812","7.6142","","-0.39%"
"11/19/2024","7.6692","7.6712","7.6747","7.6228","","0.01%"
"11/18/2024","7.6684","7.6193","7.6769","7.6160","","0.61%"
"11/15/2024","7.6221","7.6141","7.6564","7.6059","","0.16%"
"11/14/2024","7.6102","7.6330","7.6506","7.6000","","-0.28%"
"11/13/2024","7.6312","7.6834","7.6852","7.6182","","-0.67%"
"11/12/2024","7.6826","7.6860","7.6999","7.6631","","-0.04%"
"11/11/2024","7.6857","7.6912","7.7045","7.6599","","-0.11%"
"11/08/2024","7.6939","7.7168","7.7353","7.6721","","-0.28%"
"11/07/2024","7.7154","7.7016","7.7312","7.6893","","0.19%"
"11/06/2024","7.7008","7.7666","7.7712","7.6661","","-0.83%"
"11/05/2024","7.7654","7.7250","7.7705","7.7186","","0.56%"
"11/04/2024","7.7221","7.7442","7.7542","7.7204","","0.10%"
"11/01/2024","7.7146","7.7467","7.7649","7.7150","","-0.41%"
"10/31/2024","7.7463","7.7245","7.7487","7.7205","","0.29%"
"10/30/2024","7.7240","7.7143","7.7416","7.6999","","0.14%"
"10/29/2024","7.7133","7.7046","7.7276","7.6853","","0.12%"
"10/28/2024","7.7040","7.6880","7.7170","7.6810","","0.25%"
"10/25/2024","7.6845","7.7087","7.7231","7.6856","","-0.31%"
"10/24/2024","7.7082","7.6838","7.7105","7.6638","","0.34%"
"10/23/2024","7.6817","7.6924","7.7055","7.6718","","-0.12%"
"10/22/2024","7.6907","7.7000","7.7193","7.6877","","-0.11%"
"10/21/2024","7.6991","7.7137","7.7241","7.6968","","-0.23%"
"10/18/2024","7.7165","7.7161","7.7198","7.6982","","0.01%"
"10/17/2024","7.7156","7.7332","7.7436","7.6996","","-0.21%"
"10/16/2024","7.7322","7.7539","7.7578","7.7271","","-0.27%"
"10/15/2024","7.7530","7.7318","7.7691","7.7278","","0.28%"
"10/14/2024","7.7312","7.7262","7.7428","7.7137","","0.03%"
"10/11/2024","7.7287","7.7403","7.7447","7.7182","","-0.16%"
"10/10/2024","7.7409","7.7458","7.7555","7.7171","","-0.05%"
"10/09/2024","7.7448","7.7523","7.7590","7.7362","","-0.08%"
"10/08/2024","7.7513","7.7035","7.7725","7.7007","","0.65%"
"10/07/2024","7.7011","7.7035","7.7108","7.6884","","-0.02%"
"10/04/2024","7.7025","7.7428","7.7488","7.6859","","-0.49%"
"10/03/2024","7.7404","7.7519","7.7554","7.7256","","-0.14%"
"10/02/2024","7.7509","7.7677","7.7790","7.7435","","-0.21%"
"10/01/2024","7.7671","7.8151","7.8218","7.7519","","-0.59%"
"09/30/2024","7.8134","7.8236","7.8604","7.8000","","-0.17%"
"09/27/2024","7.8264","7.8359","7.8547","7.8012","","-0.11%"
"09/26/2024","7.8350","7.8290","7.8450","7.8005","","0.10%"
"09/25/2024","7.8275","7.8612","7.8804","7.8209","","-0.43%"
"09/24/2024","7.8616","7.8360","7.8623","7.8155","","0.34%"
"09/23/2024","7.8348","7.8710","7.8746","7.8238","","-0.44%"
"09/20/2024","7.8698","7.8891","7.8910","7.8545","","-0.23%"
"09/19/2024","7.8880","7.8740","7.8956","7.8432","","0.19%"
"09/18/2024","7.8729","7.8843","7.9243","7.8580","","-0.12%"
"09/17/2024","7.8825","7.8974","7.9074","7.8818","","-0.17%"
"09/16/2024","7.8959","7.8584","7.9006","7.8556","","0.51%"
"09/13/2024","7.8562","7.8817","7.8931","7.8541","","-0.32%"
"09/12/2024","7.8816","7.8401","7.8828","7.8355","","0.54%"
"09/11/2024","7.8390","7.8464","7.8618","7.8327","","-0.09%"
"09/10/2024","7.8461","7.8500","7.8661","7.8419","","-0.03%"
"09/09/2024","7.8488","7.8555","7.8819","7.8479","","-0.08%"
"09/06/2024","7.8552","7.8804","7.9030","7.8466","","-0.31%"
"09/05/2024","7.8793","7.8816","7.8897","7.8553","","-0.03%"
"09/04/2024","7.8814","7.8644","7.8900","7.8562","","0.23%"
"09/03/2024","7.8636","7.8783","7.8865","7.8520","","-0.20%"
"09/02/2024","7.8792","7.8331","7.8816","7.8292","","0.60%"
"08/30/2024","7.8323","7.8617","7.8670","7.8310","","-0.37%"
"08/29/2024","7.8616","7.9229","7.9381","7.8471","","-0.77%"
"08/28/2024","7.9224","7.9683","7.9706","7.9130","","-0.57%"
"08/27/2024","7.9679","7.9489","7.9729","7.9463","","0.25%"
"08/26/2024","7.9480","7.9714","7.9813","7.9422","","-0.30%"
"08/23/2024","7.9722","7.9396","7.9823","7.9253","","0.43%"
"08/22/2024","7.9384","7.9552","7.9633","7.9269","","-0.20%"
"08/21/2024","7.9541","7.9373","7.9720","7.9206","","0.20%"
"08/20/2024","7.9379","7.9150","7.9391","7.9042","","0.30%"
"08/19/2024","7.9139","7.8987","7.9157","7.8768","","0.16%"
"08/16/2024","7.9009","7.8724","7.9029","7.8688","","0.39%"
"08/15/2024","7.8699","7.8611","7.8874","7.8367","","0.12%"
"08/14/2024","7.8606","7.8661","7.8881","7.8523","","-0.05%"
"08/13/2024","7.8642","7.8433","7.8707","7.8249","","0.28%"
"08/12/2024","7.8423","7.8232","7.8506","7.8199","","0.25%"
"08/09/2024","7.8224","7.8352","7.8393","7.8211","","-0.14%"
"08/08/2024","7.8333","7.8386","7.8484","7.8067","","-0.05%"
"08/07/2024","7.8369","7.8236","7.8523","7.8165","","0.19%"
"08/06/2024","7.8218","7.8099","7.8437","7.7967","","0.17%"
"08/05/2024","7.8088","7.8208","7.8351","7.7666","","-0.04%"
"08/02/2024","7.8116","7.8159","7.8333","7.7740","","-0.07%"
"08/01/2024","7.8171","7.8165","7.8379","7.8061","","0.03%"
"07/31/2024","7.8149","7.8425","7.8486","7.7984","","-0.35%"
"07/30/2024","7.8421","7.8562","7.8618","7.8297","","-0.16%"
"07/29/2024","7.8543","7.8776","7.8854","7.8435","","-0.21%"
"07/26/2024","7.8708","7.8440","7.8801","7.8412","","0.38%"
"07/25/2024","7.8413","7.8733","7.8751","7.8219","","-0.38%"
"07/24/2024","7.8711","7.8961","7.9046","7.8696","","-0.29%"
"07/23/2024","7.8939","7.9226","7.9264","7.8885","","-0.34%"
"07/22/2024","7.9210","7.9101","7.9264","7.9078","","0.18%"
"07/19/2024","7.9070","7.9110","7.9198","7.9036","","-0.04%"
"07/18/2024","7.9098","7.9425","7.9450","7.9088","","-0.39%"
"07/17/2024","7.9410","7.9220","7.9492","7.9187","","0.26%"
"07/16/2024","7.9205","7.9096","7.9255","7.9015","","0.16%"
"07/15/2024","7.9082","7.8942","7.9317","7.8903","","0.02%"
"07/12/2024","7.9069","7.8875","7.9117","7.8846","","0.24%"
"07/11/2024","7.8876","7.8804","7.9151","7.8760","","0.10%"
"07/10/2024","7.8798","7.8642","7.8811","7.8619","","0.21%"
"07/09/2024","7.8630","7.8713","7.8776","7.8579","","-0.04%"
"07/08/2024","7.8658","7.8560","7.8842","7.8509","","-0.12%"
"07/05/2024","7.8756","7.8583","7.8815","7.8558","","0.25%"
"07/04/2024","7.8561","7.8428","7.8623","7.8398","","0.20%"
"07/03/2024","7.8406","7.8116","7.8627","7.8083","","0.36%"
"07/02/2024","7.8122","7.8069","7.8152","7.7869","","0.10%"
"07/01/2024","7.8047","7.7974","7.8320","7.7913","","0.25%"
"06/28/2024","7.7854","7.7799","7.7944","7.7640","","0.08%"
"06/27/2024","7.7791","7.7608","7.7962","7.7583","","0.25%"
"06/26/2024","7.7600","7.7811","7.7878","7.7502","","-0.27%"
"06/25/2024","7.7807","7.7920","7.8005","7.7645","","-0.12%"
"06/24/2024","7.7899","7.7605","7.8004","7.7569","","0.35%"
"06/21/2024","7.7626","7.7701","7.7849","7.7477","","-0.08%"
"06/20/2024","7.7686","7.7969","7.8025","7.7698","","-0.35%"
"06/19/2024","7.7961","7.7913","7.8041","7.7822","","0.08%"
"06/18/2024","7.7897","7.7892","7.8082","7.7704","","0.01%"
"06/17/2024","7.7887","7.7651","7.7920","7.7537","","0.32%"
"06/14/2024","7.7636","7.7870","7.7955","7.7400","","-0.28%"
"06/13/2024","7.7852","7.8254","7.8445","7.7836","","-0.47%"
"06/12/2024","7.8221","7.7927","7.8598","7.7859","","0.41%"
"06/11/2024","7.7905","7.8022","7.8154","7.7759","","-0.13%"
"06/10/2024","7.8005","7.8254","7.8257","7.7783","","-0.34%"
"06/07/2024","7.8273","7.8906","7.8973","7.8267","","-0.77%"
"06/06/2024","7.8880","7.8776","7.8981","7.8686","","0.15%"
"06/05/2024","7.8760","7.8765","7.8939","7.8663","","0.01%"
"06/04/2024","7.8749","7.8966","7.9061","7.8596","","-0.26%"
"06/03/2024","7.8952","7.8580","7.8980","7.8453","","0.57%"
"05/31/2024","7.8505","7.8347","7.8783","7.8279","","0.24%"
"05/30/2024","7.8320","7.8306","7.8471","7.8203","","0.04%"
"05/29/2024","7.8288","7.8658","7.8724","7.8288","","-0.45%"
"05/28/2024","7.8642","7.8668","7.8899","7.8625","","-0.02%"
"05/27/2024","7.8655","7.8612","7.8727","7.8527","","0.14%"
"05/24/2024","7.8545","7.8317","7.8651","7.8263","","0.31%"
"05/23/2024","7.8302","7.8372","7.8632","7.8245","","-0.07%"
"05/22/2024","7.8354","7.8560","7.8650","7.8329","","-0.24%"
"05/21/2024","7.8542","7.8566","7.8692","7.8451","","0.02%"
"05/20/2024","7.8529","7.8499","7.8709","7.8481","","0.01%"
"05/17/2024","7.8518","7.8443","7.8587","7.8306","","0.12%"
"05/16/2024","7.8425","7.8584","7.8660","7.8356","","-0.17%"
"05/15/2024","7.8557","7.8261","7.8595","7.8151","","0.40%"
"05/14/2024","7.8247","7.8028","7.8309","7.7887","","0.28%"
"05/13/2024","7.8025","7.7858","7.8179","7.7807","","0.27%"
"05/10/2024","7.7818","7.7861","7.7967","7.7747","","-0.02%"
"05/09/2024","7.7837","7.7647","7.7887","7.7492","","0.27%"
"05/08/2024","7.7630","7.7629","7.7737","7.7532","","0.02%"
"05/07/2024","7.7616","7.7639","7.7851","7.7585","","0.00%"
"05/06/2024","7.7614","7.7929","7.7990","7.7575","","-0.35%"
"05/03/2024","7.7889","7.7675","7.8298","7.7650","","0.31%"
"05/02/2024","7.7650","7.7559","7.7704","7.7291","","0.14%"
"05/01/2024","7.7541","7.7230","7.7723","7.7111","","0.43%"
"04/30/2024","7.7208","7.7558","7.7715","7.7219","","-0.40%"
"04/29/2024","7.7518","7.7501","7.7754","7.7420","","0.05%"
"04/26/2024","7.7479","7.7699","7.7930","7.7346","","-0.25%"
"04/25/2024","7.7670","7.7526","7.7824","7.7379","","0.21%"
"04/24/2024","7.7510","7.7531","7.7619","7.7369","","0.00%"
"04/23/2024","7.7512","7.7179","7.7618","7.7077","","0.47%"
"04/22/2024","7.7152","7.7153","7.7290","7.6951","","0.02%"
"04/19/2024","7.7138","7.7052","7.7316","7.6837","","0.13%"
"04/18/2024","7.7036","7.7260","7.7376","7.7027","","-0.27%"
"04/17/2024","7.7241","7.6862","7.7312","7.6785","","0.53%"
"04/16/2024","7.6835","7.6898","7.7120","7.6732","","-0.06%"
"04/15/2024","7.6880","7.6984","7.7207","7.6866","","-0.18%"
"04/12/2024","7.7017","7.7632","7.7661","7.6877","","-0.77%"
"04/11/2024","7.7613","7.7725","7.7850","7.7428","","-0.10%"
"04/10/2024","7.7693","7.8521","7.8605","7.7613","","-1.03%"
"04/09/2024","7.8499","7.8520","7.8731","7.8449","","-0.01%"
"04/08/2024","7.8503","7.8436","7.8549","7.8264","","0.17%"
"04/05/2024","7.8370","7.8385","7.8475","7.8060","","0.00%"
"04/04/2024","7.8370","7.8363","7.8685","7.8352","","0.00%"
"04/03/2024","7.8370","7.7913","7.8396","7.7866","","0.64%"
"04/02/2024","7.7874","7.7684","7.7981","7.7582","","0.25%"
"04/01/2024","7.7677","7.7903","7.8033","7.7591","","-0.30%"
"03/29/2024","7.7914","7.7979","7.8026","7.7783","","-0.04%"
"03/28/2024","7.7949","7.8253","7.8260","7.7898","","-0.37%"
"03/27/2024","7.8240","7.8185","7.8330","7.8127","","0.09%"
"03/26/2024","7.8167","7.8151","7.8429","7.8123","","0.05%"
"03/25/2024","7.8130","7.8136","7.8201","7.7832","","0.02%"
"03/22/2024","7.8113","7.8186","7.8366","7.8088","","-0.09%"
"03/21/2024","7.8184","7.8617","7.8783","7.8150","","-0.56%"
"03/20/2024","7.8622","7.8214","7.8643","7.8003","","0.52%"
"03/19/2024","7.8218","7.8267","7.8303","7.7998","","-0.04%"
"03/18/2024","7.8251","7.8386","7.8506","7.8210","","-0.11%"
"03/15/2024","7.8336","7.8291","7.8443","7.8232","","0.09%"
"03/14/2024","7.8269","7.8678","7.8751","7.8269","","-0.49%"
"03/13/2024","7.8652","7.8467","7.8813","7.8438","","0.28%"
"03/12/2024","7.8434","7.8474","7.8539","7.8239","","-0.05%"
"03/11/2024","7.8471","7.8643","7.8702","7.8392","","-0.15%"
"03/08/2024","7.8588","7.8747","7.8949","7.8499","","-0.18%"
"03/07/2024","7.8730","7.8435","7.8762","7.8190","","0.39%"
"03/06/2024","7.8427","7.8149","7.8575","7.8043","","0.40%"
"03/05/2024","7.8118","7.8152","7.8302","7.8038","","-0.02%"
"03/04/2024","7.8135","7.8031","7.8233","7.7998","","0.19%"
"03/01/2024","7.7983","7.7663","7.8049","7.7645","","0.43%"
"02/29/2024","7.7649","7.7997","7.8099","7.7601","","-0.44%"
"02/28/2024","7.7993","7.8054","7.8082","7.7724","","-0.08%"
"02/27/2024","7.8052","7.8086","7.8216","7.7968","","-0.04%"
"02/26/2024","7.8081","7.7903","7.8162","7.7806","","0.31%"
"02/23/2024","7.7838","7.7875","7.8021","7.7814","","-0.03%"
"02/22/2024","7.7865","7.7765","7.8267","7.7710","","0.13%"
"02/21/2024","7.7764","7.7722","7.7829","7.7569","","0.11%"
"02/20/2024","7.7679","7.7589","7.7955","7.7458","","0.14%"
"02/19/2024","7.7567","7.7522","7.7665","7.7463","","0.09%"
"02/16/2024","7.7496","7.7475","7.7604","7.7198","","0.03%"
"02/15/2024","7.7475","7.7166","7.7586","7.7147","","0.41%"
"02/14/2024","7.7158","7.7040","7.7227","7.6932","","0.19%"
"02/13/2024","7.7014","7.7483","7.7662","7.6972","","-0.59%"
"02/12/2024","7.7468","7.7554","7.7737","7.7371","","-0.11%"
"02/09/2024","7.7554","7.7574","7.7659","7.7414","","0.01%"
"02/08/2024","7.7549","7.7504","7.7628","7.7298","","0.08%"
"02/07/2024","7.7489","7.7343","7.7590","7.7301","","0.21%"
"02/06/2024","7.7330","7.7333","7.7393","7.7085","","0.02%"
"02/05/2024","7.7316","7.7564","7.7639","7.7186","","-0.31%"
"02/02/2024","7.7559","7.8064","7.8229","7.7536","","-0.62%"
"02/01/2024","7.8046","7.7512","7.8092","7.7422","","0.68%"
"01/31/2024","7.7522","7.7826","7.8070","7.7372","","-0.37%"
"01/30/2024","7.7811","7.7789","7.7925","7.7590","","0.04%"
"01/29/2024","7.7780","7.7856","7.7923","7.7519","","-0.12%"
"01/26/2024","7.7877","7.7741","7.8102","7.7642","","0.16%"
"01/25/2024","7.7755","7.7858","7.8168","7.7587","","-0.10%"
"01/24/2024","7.7830","7.7863","7.8115","7.7794","","0.04%"
"01/23/2024","7.7795","7.8280","7.8332","7.7622","","-0.59%"
"01/22/2024","7.8256","7.8348","7.8515","7.8255","","-0.16%"
"01/19/2024","7.8383","7.8263","7.8397","7.8155","","0.17%"
"01/18/2024","7.8250","7.8310","7.8478","7.8052","","-0.06%"
"01/17/2024","7.8300","7.8196","7.8328","7.8036","","0.15%"
"01/16/2024","7.8186","7.8528","7.8543","7.8106","","-0.41%"
"01/15/2024","7.8509","7.8520","7.8661","7.8418","","0.05%"
"01/12/2024","7.8466","7.8663","7.8749","7.8402","","-0.20%"
"01/11/2024","7.8622","7.8693","7.8748","7.8250","","-0.07%"
"01/10/2024","7.8674","7.8365","7.8697","7.8322","","0.42%"
"01/09/2024","7.8343","7.8356","7.8523","7.8203","","0.02%"
"01/08/2024","7.8329","7.8167","7.8553","7.8085","","0.28%"
"01/05/2024","7.8113","7.8375","7.8565","7.7811","","-0.29%"
"01/04/2024","7.8340","7.8094","7.8516","7.8051","","0.33%"
"01/03/2024","7.8082","7.8221","7.8359","7.7886","","-0.07%"
"01/02/2024","7.8140","7.8415","7.8760","7.8135","","-0.32%"
"01/01/2024","7.8388","7.8411","7.8436","7.8354","","0.07%"
"12/29/2023","7.8331","7.8629","7.8797","7.8336","","-0.35%"
"12/28/2023","7.8607","7.9314","7.9397","7.8584","","-0.85%"
"12/27/2023","7.9281","7.8884","7.9439","7.8801","","0.51%"
"12/26/2023","7.8875","7.8572","7.8902","7.8565","","0.42%"
"12/25/2023","7.8547","7.8587","7.8678","7.8419","","0.04%"
"12/22/2023","7.8518","7.8601","7.8766","7.8393","","-0.07%"
"12/21/2023","7.8576","7.8078","7.8626","7.8050","","0.68%"
"12/20/2023","7.8048","7.8288","7.8331","7.7996","","-0.29%"
"12/19/2023","7.8273","7.7931","7.8341","7.7874","","0.46%"
"12/18/2023","7.7912","7.7611","7.8004","7.7530","","0.48%"
"12/15/2023","7.7542","7.8169","7.8337","7.7509","","-0.76%"
"12/14/2023","7.8133","7.7999","7.8361","7.7645","","0.19%"
"12/13/2023","7.7987","7.7457","7.8168","7.7318","","0.71%"
"12/12/2023","7.7438","7.7235","7.7615","7.7203","","0.27%"
"12/11/2023","7.7230","7.7122","7.7405","7.7083","","0.17%"
"12/08/2023","7.7097","7.7195","7.7302","7.6792","","-0.09%"
"12/07/2023","7.7168","7.7101","7.7369","7.6954","","0.16%"
"12/06/2023","7.7045","7.7161","7.7359","7.7026","","-0.13%"
"12/05/2023","7.7144","7.7401","7.7510","7.7027","","-0.32%"
"12/04/2023","7.7395","7.7733","7.7793","7.7130","","-0.37%"
"12/01/2023","7.7682","7.7699","7.7973","7.7315","","0.01%"
"11/30/2023","7.7675","7.8233","7.8359","7.7632","","-0.67%"
"11/29/2023","7.8202","7.8563","7.8749","7.8128","","-0.43%"
"11/28/2023","7.8538","7.8353","7.8688","7.8220","","0.25%"
"11/27/2023","7.8345","7.8196","7.8397","7.8121","","0.18%"
"11/24/2023","7.8201","7.7938","7.8299","7.7865","","0.37%"
"11/23/2023","7.7915","7.7918","7.8042","7.7771","","0.02%"
"11/22/2023","7.7896","7.7878","7.8074","7.7657","","0.07%"
"11/21/2023","7.7838","7.8432","7.8565","7.7796","","-0.72%"
"11/20/2023","7.8404","7.8703","7.8725","7.8261","","-0.31%"
"11/17/2023","7.8651","7.8598","7.8732","7.8283","","0.09%"
"11/16/2023","7.8578","7.8606","7.8923","7.8544","","-0.02%"
"11/15/2023","7.8597","7.8913","7.8967","7.8483","","-0.39%"
"11/14/2023","7.8905","7.7988","7.8983","7.7936","","1.22%"
"11/13/2023","7.7957","7.7880","7.8064","7.7757","","0.13%"
"11/10/2023","7.7855","7.7699","7.7951","7.7663","","0.22%"
"11/09/2023","7.7686","7.7951","7.8103","7.7642","","-0.33%"
"11/08/2023","7.7947","7.7887","7.8024","7.7597","","0.09%"
"11/07/2023","7.7876","7.7916","7.7997","7.7682","","-0.04%"
"11/06/2023","7.7907","7.8335","7.8372","7.7908","","-0.54%"
"11/03/2023","7.8327","7.7722","7.8470","7.7660","","0.81%"
"11/02/2023","7.7696","7.7340","7.8064","7.7319","","0.47%"
"11/01/2023","7.7331","7.7365","7.7425","7.6957","","-0.05%"
"10/31/2023","7.7372","7.7639","7.8102","7.7235","","-0.31%"
"10/30/2023","7.7616","7.7315","7.7719","7.7176","","0.41%"
"10/27/2023","7.7297","7.7239","7.7548","7.7094","","0.07%"
"10/26/2023","7.7246","7.7344","7.7376","7.6991","","-0.05%"
"10/25/2023","7.7284","7.7420","7.7561","7.7303","","-0.13%"
"10/24/2023","7.7388","7.8053","7.8135","7.7354","","-0.84%"
"10/23/2023","7.8045","7.7509","7.8123","7.7348","","0.71%"
"10/20/2023","7.7493","7.7384","7.7586","7.7238","","0.15%"
"10/19/2023","7.7375","7.7069","7.7652","7.7013","","0.40%"
"10/18/2023","7.7065","7.7333","7.7429","7.6992","","-0.32%"
"10/17/2023","7.7309","7.7209","7.7483","7.7041","","0.16%"
"10/16/2023","7.7184","7.6764","7.7231","7.6764","","0.54%"
"10/13/2023","7.6767","7.6880","7.7155","7.6666","","-0.12%"
"10/12/2023","7.6860","7.7542","7.7667","7.6865","","-0.82%"
"10/11/2023","7.7496","7.7372","7.7639","7.7250","","0.19%"
"10/10/2023","7.7347","7.7057","7.7485","7.6932","","0.41%"
"10/09/2023","7.7030","7.7126","7.7214","7.6708","","-0.33%"
"10/06/2023","7.7288","7.7031","7.7400","7.6538","","0.36%"
"10/05/2023","7.7011","7.6732","7.7049","7.6662","","0.43%"
"10/04/2023","7.6682","7.6447","7.6911","7.6308","","0.36%"
"10/03/2023","7.6405","7.6501","7.6625","7.6287","","-0.10%"
"10/02/2023","7.6485","7.7162","7.7341","7.6494","","-0.89%"
"09/29/2023","7.7172","7.7147","7.7523","7.7085","","0.11%"
"09/28/2023","7.7091","7.6784","7.7246","7.6603","","0.43%"
"09/27/2023","7.6760","7.7273","7.7313","7.6674","","-0.66%"
"09/26/2023","7.7267","7.7455","7.7557","7.7218","","-0.20%"
"09/25/2023","7.7423","7.7765","7.7867","7.7316","","-0.41%"
"09/22/2023","7.7738","7.7902","7.7934","7.7495","","-0.17%"
"09/21/2023","7.7874","7.7689","7.8023","7.7453","","0.26%"
"09/20/2023","7.7672","7.7951","7.8257","7.7613","","-0.31%"
"09/19/2023","7.7910","7.7927","7.8149","7.7873","","-0.05%"
"09/18/2023","7.7946","7.7572","7.8024","7.7554","","0.56%"
"09/15/2023","7.7509","7.7431","7.7770","7.7143","","0.10%"
"09/14/2023","7.7435","7.8010","7.8221","7.7372","","-0.72%"
"09/13/2023","7.7993","7.8416","7.8499","7.7994","","-0.52%"
"09/12/2023","7.8400","7.8368","7.8499","7.8065","","0.08%"
"09/11/2023","7.8334","7.8695","7.8738","7.8050","","-0.29%"
"09/08/2023","7.8563","7.8398","7.8913","7.8380","","0.20%"
"09/07/2023","7.8410","7.8485","7.8589","7.8317","","-0.09%"
"09/06/2023","7.8479","7.8320","7.8584","7.8185","","0.16%"
"09/05/2023","7.8350","7.8521","7.8695","7.8227","","-0.16%"
"09/04/2023","7.8475","7.8262","7.8591","7.8218","","0.33%"
"09/01/2023","7.8218","7.8685","7.8953","7.8215","","-0.59%"
"08/31/2023","7.8686","7.9598","7.9695","7.8646","","-1.11%"
"08/30/2023","7.9569","7.9211","7.9705","7.9116","","0.48%"
"08/29/2023","7.9187","7.8839","7.9305","7.8651","","0.42%"
"08/28/2023","7.8856","7.8740","7.8937","7.8527","","0.17%"
"08/25/2023","7.8721","7.8688","7.9025","7.8459","","0.06%"
"08/24/2023","7.8674","7.9067","7.9163","7.8649","","-0.44%"
"08/23/2023","7.9022","7.9128","7.9243","7.8734","","-0.08%"
"08/22/2023","7.9085","7.9385","7.9668","7.9040","","-0.34%"
"08/21/2023","7.9357","7.9209","7.9626","7.9144","","0.31%"
"08/18/2023","7.9112","7.9273","7.9422","7.9037","","-0.19%"
"08/17/2023","7.9260","7.9380","7.9580","7.9153","","-0.17%"
"08/16/2023","7.9396","7.9437","7.9756","7.9342","","-0.01%"
"08/15/2023","7.9400","7.9175","7.9779","7.9138","","0.32%"
"08/14/2023","7.9147","7.9281","7.9523","7.8983","","-0.06%"
"08/11/2023","7.9198","7.9261","7.9616","7.9205","","-0.04%"
"08/10/2023","7.9230","7.9130","7.9767","7.9047","","0.17%"
"08/09/2023","7.9099","7.9077","7.9258","7.8994","","0.07%"
"08/08/2023","7.9044","7.9142","7.9415","7.8914","","-0.12%"
"08/07/2023","7.9141","7.9008","7.9193","7.8806","","0.24%"
"08/04/2023","7.8948","7.8443","7.9219","7.8375","","0.68%"
"08/03/2023","7.8415","7.8658","7.8745","7.8293","","-0.29%"
"08/02/2023","7.8642","7.8833","7.9103","7.8499","","-0.23%"
"08/01/2023","7.8823","7.8535","7.8858","7.8474","","0.36%"
"07/31/2023","7.8540","7.8808","7.8973","7.8520","","-0.26%"
"07/28/2023","7.8744","7.8758","7.8989","7.8342","","0.04%"
"07/27/2023","7.8709","7.9240","7.9690","7.8668","","-0.68%"
"07/26/2023","7.9247","7.8878","7.9429","7.8781","","0.50%"
"07/25/2023","7.8852","7.9518","7.9608","7.8629","","-0.80%"
"07/24/2023","7.9486","7.9978","8.0212","7.9479","","-0.54%"
"07/21/2023","7.9917","7.9907","8.0004","7.9778","","0.08%"
"07/20/2023","7.9856","8.0942","8.1141","7.9800","","-1.31%"
"07/19/2023","8.0917","8.0611","8.1166","8.0572","","0.41%"
"07/18/2023","8.0587","8.0585","8.0888","8.0479","","0.01%"
"07/17/2023","8.0582","8.0232","8.0674","8.0140","","0.52%"
"07/14/2023","8.0164","8.0281","8.0316","7.9891","","-0.11%"
"07/13/2023","8.0252","7.9768","8.0295","7.9747","","0.64%"
"07/12/2023","7.9739","7.9373","7.9840","7.9210","","0.50%"
"07/11/2023","7.9342","7.9556","7.9650","7.9082","","-0.25%"
"07/10/2023","7.9539","7.9224","7.9571","7.9109","","0.44%"
"07/07/2023","7.9187","7.8940","7.9250","7.8626","","0.32%"
"07/06/2023","7.8931","7.8657","7.8983","7.8538","","0.37%"
"07/05/2023","7.8639","7.8482","7.8980","7.8472","","0.22%"
"07/04/2023","7.8469","7.9011","7.9051","7.8468","","-0.66%"
"07/03/2023","7.8988","7.9126","7.9188","7.8806","","-0.16%"
"06/30/2023","7.9112","7.8791","7.9326","7.8718","","0.42%"
"06/29/2023","7.8780","7.9058","7.9166","7.8622","","-0.32%"
"06/28/2023","7.9035","7.9141","7.9409","7.8972","","-0.10%"
"06/27/2023","7.9116","7.8962","7.9180","7.8709","","0.27%"
"06/26/2023","7.8906","7.8231","7.9026","7.8206","","0.95%"
"06/23/2023","7.8160","7.8665","7.8683","7.7847","","-0.61%"
"06/22/2023","7.8641","7.8877","7.9060","7.8601","","-0.25%"
"06/21/2023","7.8842","7.8408","7.8913","7.8361","","0.59%"
"06/20/2023","7.8382","7.8225","7.8522","7.8171","","0.23%"
"06/19/2023","7.8204","7.7979","7.8305","7.7908","","0.36%"
"06/16/2023","7.7927","7.7936","7.8140","7.7781","","0.02%"
"06/15/2023","7.7909","7.7583","7.8102","7.7309","","0.44%"
"06/14/2023","7.7566","7.7358","7.7712","7.7203","","0.30%"
"06/13/2023","7.7335","7.6851","7.7389","7.6848","","0.64%"
"06/12/2023","7.6845","7.6639","7.7056","7.6571","","0.32%"
"06/09/2023","7.6597","7.6684","7.6877","7.6578","","-0.09%"
"06/08/2023","7.6663","7.6276","7.6723","7.6252","","0.53%"
"06/07/2023","7.6256","7.6125","7.6372","7.5986","","0.17%"
"06/06/2023","7.6123","7.6096","7.6322","7.5943","","0.07%"
"06/05/2023","7.6066","7.5893","7.6266","7.5733","","0.32%"
"06/02/2023","7.5827","7.6357","7.6453","7.5839","","-0.65%"
"06/01/2023","7.6325","7.6024","7.6400","7.5799","","0.43%"
"05/31/2023","7.6001","7.6011","7.6132","7.5622","","0.03%"
"05/30/2023","7.5981","7.5734","7.6082","7.5702","","0.36%"
"05/29/2023","7.5706","7.5776","7.5958","7.5707","","-0.05%"
"05/26/2023","7.5744","7.5900","7.5977","7.5585","","-0.17%"
"05/25/2023","7.5871","7.5904","7.5974","7.5743","","0.00%"
"05/24/2023","7.5873","7.6013","7.6133","7.5759","","-0.15%"
"05/23/2023","7.5989","7.6071","7.6238","7.5851","","-0.09%"
"05/22/2023","7.6056","7.5784","7.6145","7.5731","","0.50%"
"05/19/2023","7.5679","7.5782","7.6000","7.5591","","-0.11%"
"05/18/2023","7.5760","7.5865","7.6109","7.5719","","-0.12%"
"05/17/2023","7.5851","7.5803","7.6032","7.5623","","0.07%"
"05/16/2023","7.5795","7.5602","7.5979","7.5591","","0.28%"
"05/15/2023","7.5582","7.5539","7.5731","7.5458","","0.14%"
"05/12/2023","7.5475","7.5842","7.5971","7.5479","","-0.48%"
"05/11/2023","7.5837","7.6135","7.6256","7.5693","","-0.36%"
"05/10/2023","7.6114","7.5855","7.6224","7.5757","","0.36%"
"05/09/2023","7.5843","7.6079","7.6174","7.5743","","-0.29%"
"05/08/2023","7.6061","7.6244","7.6456","7.6034","","-0.10%"
"05/05/2023","7.6134","7.6056","7.6345","7.5821","","0.12%"
"05/04/2023","7.6042","7.6448","7.6645","7.5911","","-0.51%"
"05/03/2023","7.6429","7.6030","7.6673","7.6030","","0.54%"
"05/02/2023","7.6021","7.5847","7.6095","7.5628","","0.23%"
"05/01/2023","7.5848","7.6279","7.6296","7.5781","","-0.41%"
"04/28/2023","7.6159","7.6362","7.6438","7.5837","","-0.22%"
"04/27/2023","7.6329","7.6486","7.6578","7.6166","","-0.18%"
"04/26/2023","7.6464","7.6065","7.6828","7.5924","","0.53%"
"04/25/2023","7.6061","7.6178","7.6389","7.6005","","-0.10%"
"04/24/2023","7.6137","7.5767","7.6213","7.5682","","0.55%"
"04/21/2023","7.5722","7.5399","7.5784","7.5340","","0.47%"
"04/20/2023","7.5371","7.5440","7.5572","7.5220","","-0.06%"
"04/19/2023","7.5418","7.5444","7.5641","7.5294","","-0.01%"
"04/18/2023","7.5424","7.5155","7.5521","7.5040","","0.36%"
"04/17/2023","7.5156","7.5517","7.5578","7.5048","","-0.52%"
"04/14/2023","7.5552","7.5846","7.5986","7.5392","","-0.36%"
"04/13/2023","7.5826","7.5567","7.6034","7.5444","","0.40%"
"04/12/2023","7.5527","7.5144","7.5654","7.5141","","0.52%"
"04/11/2023","7.5140","7.4755","7.5245","7.4714","","0.56%"
"04/10/2023","7.4718","7.4893","7.5054","7.4535","","-0.17%"
"04/07/2023","7.4842","7.5097","7.5135","7.4749","","-0.32%"
"04/06/2023","7.5082","7.5024","7.5211","7.4830","","0.09%"
"04/05/2023","7.5018","7.5351","7.5472","7.4925","","-0.41%"
"04/04/2023","7.5328","7.4952","7.5472","7.4920","","0.54%"
"04/03/2023","7.4925","7.4508","7.5100","7.4171","","0.65%"
"03/31/2023","7.4438","7.4945","7.5086","7.4436","","-0.62%"
"03/30/2023","7.4901","7.4683","7.5105","7.4443","","0.31%"
"03/29/2023","7.4667","7.4559","7.4844","7.4497","","0.17%"
"03/28/2023","7.4540","7.4342","7.4609","7.4297","","0.31%"
"03/27/2023","7.4313","7.3945","7.4383","7.3903","","0.58%"
"03/24/2023","7.3887","7.3853","7.4248","7.3686","","0.05%"
"03/23/2023","7.3848","7.4696","7.4903","7.3818","","-1.12%"
"03/22/2023","7.4685","7.4128","7.5092","7.4068","","0.77%"
"03/21/2023","7.4116","7.3755","7.4208","7.3628","","0.54%"
"03/20/2023","7.3721","7.3667","7.3804","7.3271","","0.39%"
"03/17/2023","7.3435","7.3183","7.3590","7.3039","","0.41%"
"03/16/2023","7.3137","7.3063","7.3397","7.2733","","0.14%"
"03/15/2023","7.3038","7.3752","7.4096","7.2585","","-0.91%"
"03/14/2023","7.3707","7.3466","7.3888","7.3309","","0.36%"
"03/13/2023","7.3445","7.3527","7.4088","7.3176","","-0.02%"
"03/10/2023","7.3463","7.3701","7.4030","7.3451","","-0.28%"
"03/09/2023","7.3669","7.3305","7.3767","7.3280","","0.53%"
"03/08/2023","7.3277","7.3453","7.3597","7.3152","","-0.18%"
"03/07/2023","7.3412","7.4016","7.4204","7.3426","","-0.79%"
"03/06/2023","7.3993","7.3349","7.4117","7.3323","","0.79%"
"03/03/2023","7.3412","7.3288","7.3491","7.3095","","0.23%"
"03/02/2023","7.3242","7.3275","7.3534","7.3133","","0.01%"
"03/01/2023","7.3235","7.3327","7.3414","7.3101","","-0.11%"
"02/28/2023","7.3318","7.3652","7.3849","7.3310","","-0.44%"
"02/27/2023","7.3644","7.3329","7.3742","7.3329","","0.41%"
"02/24/2023","7.3342","7.3205","7.3570","7.3167","","0.21%"
"02/23/2023","7.3185","7.3082","7.3267","7.3020","","0.19%"
"02/22/2023","7.3049","7.3175","7.3532","7.3047","","-0.12%"
"02/21/2023","7.3138","7.3254","7.3589","7.3106","","-0.11%"
"02/20/2023","7.3215","7.3401","7.3449","7.3170","","-0.29%"
"02/17/2023","7.3426","7.3230","7.3476","7.3005","","0.35%"
"02/16/2023","7.3172","7.3258","7.3481","7.3142","","-0.08%"
"02/15/2023","7.3230","7.3306","7.3454","7.3053","","-0.06%"
"02/14/2023","7.3272","7.3156","7.3643","7.3078","","0.19%"
"02/13/2023","7.3133","7.2719","7.3215","7.2555","","0.63%"
"02/10/2023","7.2678","7.2810","7.3082","7.2627","","-0.13%"
"02/09/2023","7.2771","7.2718","7.3108","7.2705","","0.12%"
"02/08/2023","7.2684","7.2859","7.2994","7.2653","","-0.21%"
"02/07/2023","7.2840","7.2895","7.3144","7.2453","","-0.05%"
"02/06/2023","7.2876","7.3101","7.3413","7.2772","","-0.31%"
"02/03/2023","7.3104","7.3443","7.3720","7.3085","","-0.42%"
"02/02/2023","7.3412","7.4093","7.4394","7.3333","","-0.89%"
"02/01/2023","7.4072","7.3383","7.4171","7.3249","","0.97%"
"01/31/2023","7.3362","7.3232","7.3460","7.2990","","0.26%"
"01/30/2023","7.3175","7.3778","7.3792","7.3155","","-0.72%"
"01/27/2023","7.3705","7.3896","7.3961","7.3520","","-0.20%"
"01/26/2023","7.3855","7.4067","7.4155","7.3608","","-0.24%"
"01/25/2023","7.4031","7.3860","7.4120","7.3653","73.25K","0.33%"
"01/24/2023","7.3787","7.3761","7.3941","7.3503","69.93K","0.10%"
"01/23/2023","7.3712","7.3679","7.4138","7.3581","72.10K","0.13%"
"01/20/2023","7.3617","7.3414","7.3676","7.3283","78.66K","0.38%"
"01/19/2023","7.3340","7.2816","7.3565","7.2789","104.42K","0.75%"
"01/18/2023","7.2792","7.3091","7.3453","7.2792","111.85K","-0.37%"
"01/17/2023","7.3060","7.2871","7.3611","7.2828","111.02K","0.34%"
"01/16/2023","7.2815","7.2620","7.2952","7.2523","68.22K","0.35%"
"01/13/2023","7.2558","7.3102","7.3240","7.2396","99.54K","-0.71%"
"01/12/2023","7.3078","7.2830","7.3233","7.2407","97.23K","0.37%"
"01/11/2023","7.2811","7.2774","7.2975","7.2629","89.58K","0.09%"
"01/10/2023","7.2744","7.2635","7.2918","7.2493","96.10K","0.16%"
"01/09/2023","7.2629","7.2741","7.2957","7.2171","89.66K","-0.20%"
"01/06/2023","7.2773","7.2413","7.2820","7.1919","96.32K","0.55%"
"01/05/2023","7.2378","7.3048","7.3245","7.2361","82.51K","-0.85%"
"01/04/2023","7.3001","7.2940","7.3221","7.2765","91.34K","0.09%"
"01/03/2023","7.2937","7.3563","7.3809","7.2657","96.13K","-0.82%"
"01/02/2023","7.3538","7.3829","7.3870","7.3470","21.16K","-0.37%"
"12/30/2022","7.3814","7.4254","7.4303","7.3439","72.57K","-0.56%"
"12/29/2022","7.4227","7.4044","7.4450","7.3888","60.63K","0.27%"
"12/28/2022","7.4030","7.4069","7.4474","7.3948","57.10K","-0.01%"
"12/27/2022","7.4040","7.4061","7.4292","7.3935","69.15K","0.01%"
"12/26/2022","7.4030","7.4170","7.4338","7.3874","18.18K","-0.19%"
"12/23/2022","7.4171","7.4001","7.4324","7.3938","95.20K","0.27%"
"12/22/2022","7.3970","7.4053","7.4392","7.3843","98.03K","-0.07%"
"12/21/2022","7.4020","7.3969","7.4292","7.3906","87.83K","0.13%"
"12/20/2022","7.3922","7.4026","7.4338","7.3785","132.08K","-0.10%"
"12/19/2022","7.3993","7.3854","7.4289","7.3788","92.83K","0.31%"
"12/16/2022","7.3765","7.4103","7.4353","7.3805","98.49K","-0.43%"
"12/15/2022","7.4080","7.4257","7.4725","7.3867","97.78K","-0.21%"
"12/14/2022","7.4238","7.3841","7.4346","7.3754","94.15K","0.59%"
"12/13/2022","7.3804","7.3502","7.4482","7.3481","77.27K","0.41%"
"12/12/2022","7.3506","7.3258","7.3824","7.3105","73.74K","0.35%"
"12/09/2022","7.3246","7.3569","7.3753","7.3102","83.77K","-0.37%"
"12/08/2022","7.3521","7.3259","7.3614","7.3116","91.41K","0.41%"
"12/07/2022","7.3222","7.3245","7.3619","7.2915","104.59K","0.01%"
"12/06/2022","7.3215","7.3025","7.3665","7.3018","85.97K","0.26%"
"12/05/2022","7.3028","7.3821","7.4228","7.2958","92.42K","-1.27%"
"12/02/2022","7.3966","7.4132","7.4325","7.3196","83.97K","-0.18%"
"12/01/2022","7.4100","7.3812","7.4420","7.3484","111.04K","0.47%"
"11/30/2022","7.3750","7.3949","7.4067","7.2978","94.93K","-0.21%"
"11/29/2022","7.3908","7.4533","7.4625","7.3881","76.79K","-0.80%"
"11/28/2022","7.4503","7.4391","7.5489","7.4165","80.45K","0.04%"
"11/25/2022","7.4472","7.4445","7.4728","7.4323","72.15K","0.07%"
"11/24/2022","7.4417","7.4455","7.4634","7.4213","70.14K","0.01%"
"11/23/2022","7.4407","7.3573","7.4509","7.3541","76.57K","1.17%"
"11/22/2022","7.3544","7.3395","7.3602","7.3197","81.52K","0.24%"
"11/21/2022","7.3367","7.3460","7.3930","7.3247","84.17K","-0.18%"
"11/18/2022","7.3499","7.4155","7.4273","7.3421","97.64K","-0.85%"
"11/17/2022","7.4127","7.3689","7.4216","7.3590","101.98K","0.68%"
"11/16/2022","7.3626","7.2869","7.3883","7.2809","106.95K","1.02%"
"11/15/2022","7.2884","7.3039","7.3713","7.2414","111.05K","-0.17%"
"11/14/2022","7.3008","7.3688","7.3699","7.2489","106.82K","-0.76%"
"11/11/2022","7.3568","7.3372","7.3678","7.2442","115.48K","0.32%"
"11/10/2022","7.3334","7.2510","7.3536","7.2080","130.97K","1.17%"
"11/09/2022","7.2488","7.3029","7.3148","7.2365","118.42K","-0.71%"
"11/08/2022","7.3007","7.2452","7.3196","7.2307","102.77K","0.83%"
"11/07/2022","7.2403","7.1208","7.2549","7.1125","95.58K","1.21%"
"11/04/2022","7.1539","7.1190","7.1618","7.0498","88.22K","0.50%"
"11/03/2022","7.1182","7.1581","7.1925","7.1131","77.71K","-0.52%"
"11/02/2022","7.1556","7.1865","7.2729","7.1533","78.93K","-0.36%"
"11/01/2022","7.1814","7.2164","7.2529","7.1702","72.65K","-0.48%"
"10/31/2022","7.2161","7.2141","7.2599","7.2093","77.13K","-0.10%"
"10/28/2022","7.2231","7.2033","7.2417","7.1961","79.24K","0.37%"
"10/27/2022","7.1964","7.2296","7.2884","7.1979","113.41K","-0.41%"
"10/26/2022","7.2262","7.2447","7.2762","7.1782","86.30K","-0.23%"
"10/25/2022","7.2426","7.1715","7.2873","7.1686","76.14K","0.99%"
"10/24/2022","7.1714","7.1475","7.1864","7.1199","93.11K","0.46%"
"10/21/2022","7.1385","7.0616","7.1492","7.0329","95.53K","1.16%"
"10/20/2022","7.0564","7.0647","7.1104","7.0501","95.15K","-0.09%"
"10/19/2022","7.0625","7.0970","7.1123","7.0521","91.72K","-0.47%"
"10/18/2022","7.0957","7.0799","7.1093","7.0652","101.84K","0.25%"
"10/17/2022","7.0780","6.9940","7.0907","6.9889","91.16K","1.30%"
"10/14/2022","6.9875","7.0092","7.0421","6.9802","111.23K","-0.30%"
"10/13/2022","7.0087","6.9610","7.0318","6.9174","97.66K","0.70%"
"10/12/2022","6.9597","6.9563","6.9820","6.9365","95.20K","0.12%"
"10/11/2022","6.9511","6.9414","7.0046","6.9392","129.24K","0.17%"
"10/10/2022","6.9394","6.9285","6.9694","6.9115","98.49K","0.15%"
"10/07/2022","6.9293","6.9666","6.9862","6.9207","78.52K","-0.51%"
"10/06/2022","6.9648","7.0299","7.0641","6.9648","89.25K","-0.92%"
"10/05/2022","7.0296","7.1061","7.1128","6.9979","88.68K","-1.01%"
"10/04/2022","7.1014","6.9929","7.1164","6.9776","86.11K","1.62%"
"10/03/2022","6.9883","6.9737","7.0061","6.9399","97.65K","0.26%"
"09/30/2022","6.9705","6.9946","7.0146","6.9259","97.87K","-0.25%"
"09/29/2022","6.9879","7.0097","7.0130","6.9143","99.32K","-0.28%"
"09/28/2022","7.0075","6.8865","7.0216","6.8610","106.38K","1.81%"
"09/27/2022","6.8832","6.8556","6.9224","6.8370","107.27K","0.47%"
"09/26/2022","6.8508","6.9038","6.9394","6.8197","111.76K","-0.79%"
"09/23/2022","6.9057","6.9634","6.9810","6.8914","93.53K","-0.76%"
"09/22/2022","6.9583","6.9348","7.0056","6.9140","106.66K","0.39%"
"09/21/2022","6.9316","6.9987","7.0222","6.9172","89.72K","-0.92%"
"09/20/2022","6.9958","7.0235","7.0427","6.9830","75.08K","-0.34%"
"09/19/2022","7.0197","6.9884","7.0266","6.9831","65.80K","0.42%"
"09/16/2022","6.9904","6.9952","7.0349","6.9747","75.47K","-0.04%"
"09/15/2022","6.9934","6.9475","7.0056","6.9377","71.28K","0.64%"
"09/14/2022","6.9487","6.9061","6.9765","6.8947","90.35K","0.67%"
"09/13/2022","6.9023","7.0100","7.0568","6.9020","79.46K","-1.48%"
"09/12/2022","7.0057","6.9819","7.0640","6.9678","62.34K","0.79%"
"09/09/2022","6.9510","6.9558","6.9995","6.9442","78.89K","-0.02%"
"09/08/2022","6.9527","6.9669","6.9756","6.9087","89.10K","-0.18%"
"09/07/2022","6.9650","6.8878","6.9742","6.8721","86.14K","1.15%"
"09/06/2022","6.8858","6.8842","6.9352","6.8690","105.31K","0.05%"
"09/05/2022","6.8822","6.8655","6.8938","6.8327","68.98K","0.25%"
"09/02/2022","6.8647","6.8694","6.9296","6.8617","70.45K","-0.05%"
"09/01/2022","6.8679","6.9283","6.9372","6.8414","87.96K","-0.87%"
"08/31/2022","6.9283","6.9213","6.9452","6.8790","89.68K","0.14%"
"08/30/2022","6.9183","6.9053","6.9426","6.9044","92.88K","0.22%"
"08/29/2022","6.9032","6.8604","6.9316","6.8196","61.53K","0.85%"
"08/26/2022","6.8447","6.8321","6.9237","6.8226","62.62K","0.23%"
"08/25/2022","6.8292","6.8369","6.8688","6.8140","85.97K","-0.07%"
"08/24/2022","6.8341","6.8150","6.8586","6.7972","71.82K","0.34%"
"08/23/2022","6.8110","6.8099","6.8545","6.7863","86.27K","0.06%"
"08/22/2022","6.8072","6.8447","6.8550","6.7976","91.54K","-0.47%"
"08/19/2022","6.8396","6.8469","6.8764","6.8353","79.17K","-0.08%"
"08/18/2022","6.8452","6.9030","6.9186","6.8401","80.63K","-0.83%"
"08/17/2022","6.9025","6.9037","6.9190","6.8749","94.65K","-0.01%"
"08/16/2022","6.9029","6.8832","6.9180","6.8712","66.28K","0.34%"
"08/15/2022","6.8798","6.9201","6.9355","6.8782","67.47K","-0.53%"
"08/12/2022","6.9165","6.9579","6.9663","6.9019","82.89K","-0.60%"
"08/11/2022","6.9583","6.9245","6.9838","6.9154","87.51K","0.51%"
"08/10/2022","6.9227","6.8972","6.9728","6.8894","90.83K","0.40%"
"08/09/2022","6.8950","6.8843","6.9203","6.8775","83.19K","0.19%"
"08/08/2022","6.8821","6.8826","6.9036","6.8691","70.46K","-0.01%"
"08/05/2022","6.8831","6.9153","6.9201","6.8569","84.47K","-0.45%"
"08/04/2022","6.9145","6.8688","6.9211","6.8595","81.98K","0.70%"
"08/03/2022","6.8666","6.8646","6.8953","6.8407","82.44K","0.07%"
"08/02/2022","6.8619","6.9459","6.9689","6.8626","105.48K","-1.18%"
"08/01/2022","6.9440","6.8913","6.9563","6.8825","87.05K","0.78%"
"07/29/2022","6.8903","6.8809","6.9144","6.8437","84.19K","0.19%"
"07/28/2022","6.8774","6.8923","6.9025","6.8271","109.69K","-0.23%"
"07/27/2022","6.8935","6.8421","6.9082","6.8234","77.88K","0.80%"
"07/26/2022","6.8387","6.8995","6.9173","6.8357","80.98K","-0.87%"
"07/25/2022","6.8984","6.8946","6.9218","6.8733","78.31K","0.10%"
"07/22/2022","6.8918","6.9221","6.9239","6.8583","74.90K","-0.40%"
"07/21/2022","6.9198","6.8761","6.9521","6.8702","107.34K","0.67%"
"07/20/2022","6.8735","6.8969","6.9332","6.8606","94.51K","-0.30%"
"07/19/2022","6.8940","6.8390","6.9234","6.8283","82.04K","0.82%"
"07/18/2022","6.8377","6.8149","6.8783","6.8021","76.02K","0.33%"
"07/15/2022","6.8153","6.7683","6.8235","6.7590","80.75K","0.74%"
"07/14/2022","6.7650","6.7597","6.7889","6.7285","91.47K","0.11%"
"07/13/2022","6.7578","6.7504","6.8019","6.7225","84.80K","0.14%"
"07/12/2022","6.7483","6.7451","6.7759","6.7220","89.93K","0.07%"
"07/11/2022","6.7437","6.8114","6.8188","6.7408","79.23K","-1.08%"
"07/08/2022","6.8170","6.8089","6.8310","6.7546","92.38K","0.15%"
"07/07/2022","6.8070","6.8298","6.8522","6.7982","89.05K","-0.29%"
"07/06/2022","6.8271","6.9000","6.9030","6.8164","98.66K","-1.03%"
"07/05/2022","6.8979","6.9808","6.9952","6.8766","87.84K","-1.20%"
"07/04/2022","6.9815","6.9856","7.0032","6.9739","71.04K","-0.08%"
"07/01/2022","6.9868","7.0215","7.0280","6.9532","70.47K","-0.49%"
"06/30/2022","7.0209","6.9955","7.0269","6.9558","86.26K","0.39%"
"06/29/2022","6.9938","7.0556","7.0656","6.9911","92.34K","-0.86%"
"06/28/2022","7.0544","7.0833","7.0922","7.0447","94.92K","-0.36%"
"06/27/2022","7.0799","7.0611","7.1055","7.0529","92.38K","0.31%"
"06/24/2022","7.0583","7.0515","7.0711","7.0407","93.89K","0.13%"
"06/23/2022","7.0490","7.0824","7.0982","7.0291","116.78K","-0.39%"
"06/22/2022","7.0768","7.0421","7.1051","7.0290","89.42K","0.54%"
"06/21/2022","7.0391","7.0342","7.0882","7.0299","89.58K","0.12%"
"06/20/2022","7.0305","7.0337","7.0554","7.0211","82.75K","-0.28%"
"06/17/2022","7.0505","7.0715","7.0792","7.0141","91.71K","-0.28%"
"06/16/2022","7.0703","7.0126","7.1070","6.9680","146.43K","0.87%"
"06/15/2022","7.0095","7.0214","7.0615","6.9548","111.43K","-0.14%"
"06/14/2022","7.0192","7.0316","7.0632","7.0096","93.10K","-0.10%"
"06/13/2022","7.0265","7.0534","7.0785","7.0245","81.81K","-0.38%"
"06/10/2022","7.0536","7.1052","7.1195","7.0500","75.34K","-0.69%"
"06/09/2022","7.1024","7.1627","7.1954","7.1008","84.81K","-0.80%"
"06/08/2022","7.1596","7.1372","7.1851","7.1204","62.55K","0.36%"
"06/07/2022","7.1336","7.1164","7.1472","7.1014","67.38K","0.26%"
"06/06/2022","7.1151","7.1412","7.1485","7.1085","66.10K","-0.33%"
"06/03/2022","7.1384","7.1572","7.1698","7.1292","36.97K","-0.25%"
"06/02/2022","7.1564","7.1197","7.1605","7.1177","57.93K","0.53%"
"06/01/2022","7.1190","7.1618","7.1849","7.1053","62.84K","-0.58%"
"05/31/2022","7.1605","7.1792","7.1801","7.1162","77.65K","-0.23%"
"05/30/2022","7.1772","7.1919","7.1953","7.1405","60.31K","-0.11%"
"05/27/2022","7.1849","7.2282","7.2552","7.1678","69.94K","-0.57%"
"05/26/2022","7.2258","7.1506","7.2325","7.1463","69.63K","1.11%"
"05/25/2022","7.1466","7.1442","7.1583","7.1119","78.85K","0.07%"
"05/24/2022","7.1413","7.1103","7.1646","7.0944","74.10K","0.48%"
"05/23/2022","7.1071","7.0758","7.1153","7.0519","77.51K","0.57%"
"05/20/2022","7.0669","7.1072","7.1174","7.0489","84.12K","-0.50%"
"05/19/2022","7.1023","7.0720","7.1206","7.0656","84.14K","0.48%"
"05/18/2022","7.0687","7.1076","7.1208","7.0649","84.25K","-0.47%"
"05/17/2022","7.1020","7.0808","7.1120","7.0587","82.31K","0.39%"
"05/16/2022","7.0745","7.0640","7.0981","7.0477","68.99K","0.11%"
"05/13/2022","7.0670","7.0442","7.0788","7.0385","81.34K","0.34%"
"05/12/2022","7.0432","7.0652","7.1165","7.0270","108.90K","-0.26%"
"05/11/2022","7.0619","7.0909","7.1112","7.0591","113.54K","-0.39%"
"05/10/2022","7.0892","7.1057","7.1251","7.0742","76.48K","-0.19%"
"05/09/2022","7.1030","7.0342","7.1303","7.0089","71.50K","1.01%"
"05/06/2022","7.0323","7.0178","7.0740","7.0023","89.44K","0.28%"
"05/05/2022","7.0128","7.0199","7.0293","6.9820","91.31K","-0.08%"
"05/04/2022","7.0184","6.9495","7.0258","6.9426","64.71K","0.96%"
"05/03/2022","6.9516","6.9422","6.9908","6.9333","68.53K","0.17%"
"05/02/2022","6.9397","6.9720","6.9845","6.9323","49.74K","-0.37%"
"04/29/2022","6.9655","6.9546","6.9945","6.9292","92.36K","0.16%"
"04/28/2022","6.9542","6.9260","6.9812","6.9086","94.83K","0.44%"
"04/27/2022","6.9236","6.9746","6.9863","6.8979","94.74K","-0.69%"
"04/26/2022","6.9715","7.0271","7.0423","6.9733","96.51K","-0.76%"
"04/25/2022","7.0248","7.0484","7.0663","7.0154","103.70K","0.11%"
"04/22/2022","7.0172","6.9913","7.0509","6.9871","79.54K","0.40%"
"04/21/2022","6.9892","6.9655","7.0482","6.9447","91.27K","0.35%"
"04/20/2022","6.9650","6.8973","6.9747","6.8944","89.01K","1.01%"
"04/19/2022","6.8955","6.8656","6.9126","6.8561","82.56K","0.53%"
"04/18/2022","6.8593","6.8841","6.8952","6.8570","39.08K","-0.36%"
"04/15/2022","6.8840","6.9066","6.9088","6.8780","44.66K","-0.31%"
"04/14/2022","6.9056","6.9331","6.9609","6.8613","89.76K","-0.37%"
"04/13/2022","6.9314","6.8926","6.9385","6.8814","77.34K","0.59%"
"04/12/2022","6.8909","6.9319","6.9450","6.8887","57.77K","-0.54%"
"04/11/2022","6.9281","6.9602","6.9707","6.9246","63.60K","0.14%"
"04/08/2022","6.9182","6.9195","6.9323","6.8972","59.15K","0.05%"
"04/07/2022","6.9145","6.9292","6.9600","6.9110","65.82K","-0.19%"
"04/06/2022","6.9275","6.9396","6.9587","6.9187","60.40K","-0.14%"
"04/05/2022","6.9370","6.9823","6.9927","6.9355","50.42K","-0.61%"
"04/04/2022","6.9797","7.0243","7.0347","6.9740","70.49K","-0.75%"
"04/01/2022","7.0325","7.0153","7.0442","7.0117","100.41K","0.26%"
"03/31/2022","7.0144","7.0827","7.1037","7.0124","80.60K","-0.94%"
"03/30/2022","7.0813","7.0560","7.0930","7.0531","85.82K","0.44%"
"03/29/2022","7.0503","6.9967","7.0915","6.9898","88.09K","0.80%"
"03/28/2022","6.9945","6.9958","7.0097","6.9716","61.80K","0.06%"
"03/25/2022","6.9903","7.0027","7.0235","6.9895","58.42K","-0.15%"
"03/24/2022","7.0005","7.0122","7.0189","6.9844","57.20K","-0.16%"
"03/23/2022","7.0117","7.0216","7.0355","6.9851","66.55K","-0.12%"
"03/22/2022","7.0204","7.0031","7.0290","6.9716","71.07K","0.30%"
"03/21/2022","6.9996","7.0355","7.0393","6.9977","67.71K","-0.41%"
"03/18/2022","7.0282","7.0395","7.0576","7.0005","60.25K","-0.13%"
"03/17/2022","7.0370","7.0104","7.0696","6.9918","80.68K","0.44%"
"03/16/2022","7.0064","6.9796","7.0177","6.9552","88.62K","0.45%"
"03/15/2022","6.9753","6.9641","7.0314","6.9569","86.59K","0.25%"
"03/14/2022","6.9580","6.9377","6.9988","6.9180","75.40K","0.62%"
"03/11/2022","6.9151","6.9440","6.9971","6.9114","92.75K","-0.40%"
"03/10/2022","6.9426","6.9970","7.0308","6.9389","94.63K","-0.77%"
"03/09/2022","6.9965","6.8893","7.0102","6.8808","106.50K","1.61%"
"03/08/2022","6.8858","6.8606","6.9250","6.8530","106.91K","0.41%"
"03/07/2022","6.8578","6.9223","6.9223","6.8284","107.35K","-0.67%"
"03/04/2022","6.9039","6.9949","6.9955","6.8797","90.11K","-1.26%"
"03/03/2022","6.9919","7.0278","7.0319","6.9731","85.50K","-0.54%"
"03/02/2022","7.0296","7.0236","7.0462","6.9849","84.17K","0.11%"
"03/01/2022","7.0217","7.0777","7.0931","6.9999","94.36K","-0.79%"
"02/28/2022","7.0774","7.0624","7.0960","7.0263","91.76K","-0.56%"
"02/25/2022","7.1173","7.0836","7.1230","7.0511","86.34K","0.50%"
"02/24/2022","7.0820","7.1442","7.1445","7.0292","110.89K","-0.81%"
"02/23/2022","7.1398","7.1658","7.1786","7.1363","70.66K","-0.34%"
"02/22/2022","7.1642","7.1665","7.1973","7.1560","92.82K","0.00%"
"02/21/2022","7.1643","7.1574","7.2148","7.1546","57.82K","0.05%"
"02/18/2022","7.1606","7.2017","7.2071","7.1568","69.52K","-0.55%"
"02/17/2022","7.2001","7.2082","7.2169","7.1744","85.97K","-0.04%"
"02/16/2022","7.2027","7.2014","7.2238","7.1906","76.64K","0.07%"
"02/15/2022","7.1980","7.1885","7.2133","7.1744","80.44K","0.16%"
"02/14/2022","7.1862","7.2086","7.2270","7.1711","86.91K","-0.35%"
"02/11/2022","7.2112","7.2615","7.2637","7.1994","88.81K","-0.66%"
"02/10/2022","7.2591","7.2719","7.3047","7.2328","89.74K","-0.10%"
"02/09/2022","7.2666","7.2684","7.2844","7.2545","72.56K","0.01%"
"02/08/2022","7.2662","7.2804","7.2846","7.2544","105.60K","-0.12%"
"02/07/2022","7.2752","7.2626","7.2878","7.2459","80.85K","-0.07%"
"02/04/2022","7.2802","7.2764","7.3053","7.2585","85.84K","0.07%"
"02/03/2022","7.2751","7.1911","7.2846","7.1669","68.02K","1.20%"
"02/02/2022","7.1886","7.1689","7.2077","7.1663","48.06K","0.29%"
"02/01/2022","7.1676","7.1460","7.1749","7.1374","53.47K","0.32%"
"01/31/2022","7.1447","7.0903","7.1552","7.0849","55.97K","0.81%"
"01/28/2022","7.0875","7.0981","7.1066","7.0748","67.66K","-0.06%"
"01/27/2022","7.0917","7.1047","7.1327","7.0889","73.82K","-0.15%"
"01/26/2022","7.1025","7.1491","7.1532","7.1016","67.75K","-0.63%"
"01/25/2022","7.1474","7.1693","7.1731","7.1277","77.62K","-0.29%"
"01/24/2022","7.1679","7.1904","7.1922","7.1451","98.18K","-0.28%"
"01/21/2022","7.1879","7.1730","7.1995","7.1657","75.51K","0.23%"
"01/20/2022","7.1712","7.1965","7.2124","7.1670","79.43K","-0.34%"
"01/19/2022","7.1955","7.1922","7.2076","7.1893","93.43K","0.02%"
"01/18/2022","7.1942","7.2430","7.2512","7.1878","107.31K","-0.65%"
"01/17/2022","7.2414","7.2511","7.2600","7.2312","66.35K","-0.13%"
"01/14/2022","7.2506","7.2865","7.3008","7.2409","68.96K","-0.45%"
"01/13/2022","7.2835","7.2759","7.3023","7.2706","64.56K","0.12%"
"01/12/2022","7.2748","7.2448","7.2826","7.2259","65.62K","0.43%"
"01/11/2022","7.2435","7.2211","7.2509","7.2102","63.97K","0.33%"
"01/10/2022","7.2197","7.2407","7.2462","7.1913","60.22K","-0.33%"
"01/07/2022","7.2435","7.2084","7.2487","7.1999","49.81K","0.52%"
"01/06/2022","7.2061","7.2007","7.2341","7.1921","72.36K","0.09%"
"01/05/2022","7.1996","7.1927","7.2231","7.1860","49.57K","0.12%"
"01/04/2022","7.1909","7.1811","7.2160","7.1783","52.23K","0.23%"
"01/03/2022","7.1741","7.2241","7.2339","7.1694","33.87K","-0.65%"
"12/31/2021","7.2211","7.2156","7.2377","7.1800","30.87K","0.14%"
"12/30/2021","7.2111","7.2282","7.2349","7.1997","42.77K","-0.21%"
"12/29/2021","7.2264","7.2033","7.2406","7.1779","47.73K","0.34%"
"12/28/2021","7.2020","7.2167","7.2217","7.1880","47.94K","-0.18%"
"12/27/2021","7.2152","7.2069","7.2237","7.2000","42.66K","0.13%"
"12/24/2021","7.2058","7.2175","7.2260","7.1974","51.72K","-0.13%"
"12/23/2021","7.2155","7.2142","7.2279","7.1922","64.07K","0.04%"
"12/22/2021","7.2128","7.1871","7.2254","7.1763","69.28K","0.33%"
"12/21/2021","7.1891","7.1899","7.2024","7.1743","80.79K","0.01%"
"12/20/2021","7.1885","7.1677","7.2085","7.1626","86.49K","0.34%"
"12/17/2021","7.1640","7.2156","7.2354","7.1629","70.97K","-0.68%"
"12/16/2021","7.2130","7.1865","7.2344","7.1820","73.83K","0.38%"
"12/15/2021","7.1855","7.1692","7.1951","7.1454","106.65K","0.25%"
"12/14/2021","7.1674","7.1849","7.2063","7.1654","159.43K","-0.17%"
"12/13/2021","7.1794","7.2087","7.2112","7.1627","80.43K","-0.33%"
"12/10/2021","7.2034","7.2022","7.2141","7.1735","105.62K","0.03%"
"12/09/2021","7.2011","7.1957","7.2182","7.1775","96.82K","0.09%"
"12/08/2021","7.1948","7.1736","7.2042","7.1512","158.42K","0.32%"
"12/07/2021","7.1716","7.1970","7.1987","7.1492","161.61K","-0.32%"
"12/06/2021","7.1949","7.2188","7.2188","7.1836","98.56K","-0.25%"
"12/03/2021","7.2129","7.2068","7.2229","7.1834","85.24K","0.12%"
"12/02/2021","7.2046","7.2087","7.2372","7.2027","100.30K","-0.03%"
"12/01/2021","7.2071","7.2165","7.2335","7.1979","131.30K","-0.10%"
"11/30/2021","7.2142","7.2138","7.2536","7.1506","145.90K","0.05%"
"11/29/2021","7.2108","7.2257","7.2344","7.1871","102.92K","-0.32%"
"11/26/2021","7.2343","7.1580","7.2443","7.1557","129.38K","1.09%"
"11/25/2021","7.1562","7.1594","7.1748","7.1557","87.23K","0.00%"
"11/24/2021","7.1561","7.1896","7.1937","7.1494","94.73K","-0.43%"
"11/23/2021","7.1873","7.1753","7.2049","7.1697","107.07K","0.21%"
"11/22/2021","7.1720","7.2124","7.2144","7.1708","140.57K","-0.51%"
"11/19/2021","7.2089","7.2616","7.2636","7.1889","70.62K","-0.69%"
"11/18/2021","7.2592","7.2192","7.2642","7.2130","108.15K","0.56%"
"11/17/2021","7.2187","7.2374","7.2415","7.1990","90.59K","-0.23%"
"11/16/2021","7.2350","7.2564","7.2691","7.2297","93.36K","-0.27%"
"11/15/2021","7.2549","7.3060","7.3173","7.2485","80.07K","-0.67%"
"11/12/2021","7.3036","7.3198","7.3257","7.2947","82.40K","-0.17%"
"11/11/2021","7.3163","7.3357","7.3579","7.3124","67.80K","-0.22%"
"11/10/2021","7.3324","7.4109","7.4136","7.3315","92.23K","-1.03%"
"11/09/2021","7.4085","7.4085","7.4224","7.3938","64.59K","0.06%"
"11/08/2021","7.4043","7.3939","7.4138","7.3882","74.07K","0.06%"
"11/05/2021","7.3999","7.3917","7.4064","7.3705","79.48K","0.13%"
"11/04/2021","7.3905","7.4391","7.4429","7.3722","88.50K","-0.63%"
"11/03/2021","7.4375","7.4106","7.4426","7.4001","91.34K","0.39%"
"11/02/2021","7.4087","7.4265","7.4321","7.4075","82.15K","-0.20%"
"11/01/2021","7.4233","7.4045","7.4278","7.3923","94.12K","0.25%"
"10/29/2021","7.4048","7.4654","7.4724","7.3887","72.97K","-0.81%"
"10/28/2021","7.4649","7.4191","7.4740","7.4076","82.66K","0.65%"
"10/27/2021","7.4167","7.4021","7.4326","7.3976","64.83K","0.24%"
"10/26/2021","7.3987","7.4120","7.4194","7.3944","58.13K","-0.17%"
"10/25/2021","7.4111","7.4343","7.4495","7.4057","69.98K","-0.33%"
"10/22/2021","7.4353","7.4309","7.4453","7.4200","65.76K","0.09%"
"10/21/2021","7.4287","7.4496","7.4581","7.4287","69.19K","-0.26%"
"10/20/2021","7.4479","7.4253","7.4557","7.4211","63.76K","0.32%"
"10/19/2021","7.4238","7.4657","7.4783","7.4210","94.04K","-0.53%"
"10/18/2021","7.4634","7.4635","7.4738","7.4427","85.33K","0.02%"
"10/15/2021","7.4622","7.4697","7.4755","7.4565","83.88K","-0.03%"
"10/14/2021","7.4642","7.4521","7.4829","7.4505","53.37K","0.20%"
"10/13/2021","7.4493","7.4344","7.4560","7.4320","87.71K","0.22%"
"10/12/2021","7.4332","7.4538","7.4672","7.4318","54.36K","-0.23%"
"10/11/2021","7.4505","7.4606","7.4718","7.4438","66.50K","-0.04%"
"10/08/2021","7.4532","7.4466","7.4689","7.4415","60.70K","0.12%"
"10/07/2021","7.4442","7.4498","7.4604","7.4443","58.88K","-0.05%"
"10/06/2021","7.4481","7.4801","7.4814","7.4321","68.60K","-0.35%"
"10/05/2021","7.4739","7.4930","7.4933","7.4652","67.91K","-0.21%"
"10/04/2021","7.4893","7.4733","7.5046","7.4698","52.38K","0.22%"
"10/01/2021","7.4726","7.4665","7.4833","7.4540","51.54K","0.11%"
"09/30/2021","7.4642","7.5039","7.5143","7.4536","82.57K","-0.51%"
"09/29/2021","7.5022","7.5469","7.5654","7.4994","77.58K","-0.57%"
"09/28/2021","7.5453","7.5521","7.5624","7.5352","85.78K","-0.05%"
"09/27/2021","7.5490","7.5816","7.5842","7.5487","65.60K","-0.33%"
"09/24/2021","7.5743","7.5817","7.5921","7.5649","81.10K","-0.08%"
"09/23/2021","7.5803","7.5519","7.5898","7.5499","89.73K","0.44%"
"09/22/2021","7.5472","7.5824","7.5974","7.5503","87.34K","-0.43%"
"09/21/2021","7.5795","7.5824","7.5982","7.5749","67.83K","-0.02%"
"09/20/2021","7.5808","7.5862","7.5895","7.5652","68.96K","0.00%"
"09/17/2021","7.5808","7.5957","7.6128","7.5808","80.93K","-0.19%"
"09/16/2021","7.5955","7.6007","7.6065","7.5797","104.44K","-0.05%"
"09/15/2021","7.5994","7.6023","7.6145","7.5920","81.41K","0.01%"
"09/14/2021","7.5984","7.6209","7.6321","7.5981","86.04K","-0.25%"
"09/13/2021","7.6175","7.6131","7.6254","7.5984","61.43K","0.06%"
"09/10/2021","7.6129","7.6342","7.6376","7.6088","79.24K","-0.21%"
"09/09/2021","7.6288","7.6359","7.6468","7.6182","65.90K","-0.05%"
"09/08/2021","7.6326","7.6571","7.6623","7.6240","86.69K","-0.29%"
"09/07/2021","7.6547","7.6659","7.6806","7.6536","78.42K","-0.07%"
"09/06/2021","7.6598","7.6654","7.6715","7.6528","55.74K","-0.10%"
"09/03/2021","7.6672","7.6668","7.6792","7.6393","90.27K","0.03%"
"09/02/2021","7.6650","7.6492","7.6684","7.6432","69.38K","0.25%"
"09/01/2021","7.6457","7.6301","7.6603","7.6186","81.38K","0.23%"
"08/31/2021","7.6278","7.6287","7.6580","7.6186","78.49K","0.02%"
"08/30/2021","7.6264","7.6322","7.6422","7.6196","59.04K","-0.07%"
"08/27/2021","7.6314","7.6170","7.6435","7.6041","108.10K","0.21%"
"08/26/2021","7.6151","7.6233","7.6374","7.6137","88.64K","-0.09%"
"08/25/2021","7.6218","7.6065","7.6259","7.5953","90.74K","0.22%"
"08/24/2021","7.6054","7.6131","7.6156","7.5951","60.35K","-0.06%"
"08/23/2021","7.6101","7.6029","7.6172","7.5956","70.78K","0.08%"
"08/20/2021","7.6038","7.5827","7.6104","7.5806","72.84K","0.30%"
"08/19/2021","7.5813","7.5942","7.5987","7.5744","91.77K","-0.15%"
"08/18/2021","7.5929","7.5952","7.6150","7.5811","83.61K","-0.01%"
"08/17/2021","7.5938","7.6246","7.6381","7.5935","79.11K","-0.41%"
"08/16/2021","7.6247","7.6394","7.6456","7.6188","80.00K","-0.16%"
"08/13/2021","7.6368","7.5986","7.6469","7.5983","66.24K","0.51%"
"08/12/2021","7.5983","7.6052","7.6105","7.5953","77.06K","-0.07%"
"08/11/2021","7.6036","7.6016","7.6153","7.5896","69.27K","0.06%"
"08/10/2021","7.5994","7.6136","7.6153","7.5920","115.94K","-0.17%"
"08/09/2021","7.6123","7.6259","7.6275","7.6105","81.63K","-0.15%"
"08/06/2021","7.6234","7.6464","7.6490","7.6201","69.34K","-0.27%"
"08/05/2021","7.6444","7.6541","7.6616","7.6418","83.42K","-0.10%"
"08/04/2021","7.6519","7.6765","7.6846","7.6498","85.45K","-0.28%"
"08/03/2021","7.6734","7.6692","7.6882","7.6684","64.18K","0.06%"
"08/02/2021","7.6685","7.6659","7.6881","7.6638","51.54K","-0.01%"
"07/30/2021","7.6691","7.6754","7.6941","7.6582","66.49K","-0.06%"
"07/29/2021","7.6738","7.6884","7.6904","7.6651","86.75K","-0.16%"
"07/28/2021","7.6861","7.6942","7.6991","7.6417","100.13K","-0.07%"
"07/27/2021","7.6914","7.6522","7.7102","7.6380","70.41K","0.56%"
"07/26/2021","7.6487","7.6338","7.6608","7.6240","55.12K","0.27%"
"07/23/2021","7.6279","7.6153","7.6346","7.6122","79.52K","0.17%"
"07/22/2021","7.6151","7.6277","7.6513","7.6076","68.50K","-0.13%"
"07/21/2021","7.6252","7.6406","7.6420","7.6088","70.76K","-0.17%"
"07/20/2021","7.6381","7.6595","7.6611","7.6204","104.61K","-0.24%"
"07/19/2021","7.6561","7.6506","7.6727","7.6302","83.53K","0.11%"
"07/16/2021","7.6479","7.6329","7.6581","7.6270","77.46K","0.28%"
"07/15/2021","7.6269","7.6572","7.6604","7.6210","81.76K","-0.38%"
"07/14/2021","7.6558","7.6176","7.6589","7.6147","60.47K","0.52%"
"07/13/2021","7.6160","7.6813","7.6862","7.6147","64.65K","-0.82%"
"07/12/2021","7.6788","7.6918","7.6974","7.6640","79.94K","-0.18%"
"07/09/2021","7.6923","7.6871","7.6983","7.6703","56.77K","0.09%"
"07/08/2021","7.6852","7.6330","7.7025","7.6292","64.50K","0.73%"
"07/07/2021","7.6296","7.6610","7.6622","7.6250","63.03K","-0.33%"
"07/06/2021","7.6550","7.6686","7.6847","7.6421","95.71K","-0.14%"
"07/05/2021","7.6658","7.6784","7.6842","7.6555","56.77K","-0.17%"
"07/02/2021","7.6785","7.6659","7.6868","7.6470","81.79K","0.20%"
"07/01/2021","7.6632","7.6576","7.6867","7.6490","70.56K","0.12%"
"06/30/2021","7.6543","7.6899","7.6967","7.6483","77.67K","-0.44%"
"06/29/2021","7.6883","7.6996","7.7038","7.6779","71.21K","-0.12%"
"06/28/2021","7.6975","7.7056","7.7131","7.6862","62.71K","-0.06%"
"06/25/2021","7.7022","7.7220","7.7298","7.6994","67.29K","-0.22%"
"06/24/2021","7.7188","7.7214","7.7332","7.7136","83.25K","0.00%"
"06/23/2021","7.7187","7.7380","7.7485","7.7162","69.48K","-0.24%"
"06/22/2021","7.7371","7.7066","7.7474","7.6874","96.42K","0.44%"
"06/21/2021","7.7035","7.6585","7.7147","7.6489","128.06K","0.66%"
"06/18/2021","7.6527","7.6787","7.6883","7.6419","120.34K","-0.31%"
"06/17/2021","7.6766","7.6741","7.7127","7.6661","107.65K","0.05%"
"06/16/2021","7.6724","7.7687","7.7713","7.6725","91.30K","-1.20%"
"06/15/2021","7.7657","7.7546","7.7784","7.7453","73.81K","0.19%"
"06/14/2021","7.7509","7.7488","7.7623","7.7383","49.58K","0.09%"
"06/11/2021","7.7438","7.7806","7.7910","7.7367","94.72K","-0.46%"
"06/10/2021","7.7795","7.7803","7.7935","7.7628","95.94K","0.03%"
"06/09/2021","7.7775","7.7913","7.8044","7.7758","76.21K","-0.15%"
"06/08/2021","7.7894","7.7981","7.8036","7.7770","75.47K","-0.09%"
"06/07/2021","7.7965","7.7817","7.8067","7.7693","60.45K","0.23%"
"06/04/2021","7.7789","7.7672","7.7922","7.7523","68.56K","0.20%"
"06/03/2021","7.7637","7.7913","7.8026","7.7598","65.40K","-0.34%"
"06/02/2021","7.7900","7.7947","7.8071","7.7666","73.69K","0.00%"
"06/01/2021","7.7901","7.7886","7.8228","7.7815","80.50K","0.05%"
"05/31/2021","7.7859","7.7644","7.7939","7.7518","81.95K","0.30%"
"05/28/2021","7.7625","7.7837","7.7853","7.7342","73.30K","-0.25%"
"05/27/2021","7.7821","7.7927","7.7978","7.7668","94.25K","-0.10%"
"05/26/2021","7.7900","7.8545","7.8589","7.7860","87.78K","-0.79%"
"05/25/2021","7.8523","7.8406","7.8597","7.8306","100.87K","0.17%"
"05/24/2021","7.8386","7.8356","7.8573","7.8301","96.43K","0.04%"
"05/21/2021","7.8358","7.8690","7.8764","7.8243","104.50K","-0.39%"
"05/20/2021","7.8661","7.8321","7.8699","7.8305","107.81K","0.44%"
"05/19/2021","7.8317","7.8535","7.8759","7.8247","103.59K","-0.25%"
"05/18/2021","7.8514","7.8255","7.8593","7.8151","96.34K","0.35%"
"05/17/2021","7.8238","7.8147","7.8398","7.8044","90.66K","0.12%"
"05/14/2021","7.8142","7.7940","7.8218","7.7840","82.64K","0.30%"
"05/13/2021","7.7910","7.7943","7.8110","7.7784","105.16K","-0.04%"
"05/12/2021","7.7938","7.8102","7.8261","7.7768","108.46K","-0.18%"
"05/11/2021","7.8081","7.7827","7.8301","7.7804","124.69K","0.34%"
"05/10/2021","7.7815","7.8226","7.8332","7.7817","116.46K","-0.52%"
"05/07/2021","7.8220","7.7992","7.8300","7.7783","94.59K","0.37%"
"05/06/2021","7.7931","7.7715","7.8093","7.7670","113.43K","0.29%"
"05/05/2021","7.7708","7.7766","7.7860","7.7588","121.93K","-0.07%"
"05/04/2021","7.7760","7.8096","7.8110","7.7673","116.19K","-0.40%"
"05/03/2021","7.8071","7.7883","7.8177","7.7763","68.48K","0.36%"
"04/30/2021","7.7793","7.8417","7.8492","7.7786","99.84K","-0.79%"
"04/29/2021","7.8416","7.8563","7.8702","7.8287","110.23K","-0.13%"
"04/28/2021","7.8522","7.8394","7.8624","7.8162","93.30K","0.19%"
"04/27/2021","7.8373","7.8345","7.8427","7.8180","123.99K","0.06%"
"04/26/2021","7.8325","7.8552","7.8663","7.8218","100.27K","-0.32%"
"04/23/2021","7.8577","7.7994","7.8598","7.7975","101.12K","0.75%"
"04/22/2021","7.7989","7.8118","7.8332","7.7852","119.84K","-0.15%"
"04/21/2021","7.8104","7.8235","7.8284","7.7899","122.00K","-0.11%"
"04/20/2021","7.8192","7.8357","7.8467","7.8137","114.87K","-0.16%"
"04/19/2021","7.8317","7.8147","7.8422","7.7922","87.76K","0.24%"
"04/16/2021","7.8133","7.8059","7.8231","7.7961","112.86K","0.12%"
"04/15/2021","7.8036","7.8225","7.8360","7.7979","133.51K","-0.22%"
"04/14/2021","7.8207","7.8189","7.8293","7.8025","113.75K","0.05%"
"04/13/2021","7.8170","7.7997","7.8245","7.7793","109.44K","0.30%"
"04/12/2021","7.7936","7.7922","7.8071","7.7779","103.22K","-0.05%"
"04/09/2021","7.7978","7.8044","7.8096","7.7814","89.53K","-0.07%"
"04/08/2021","7.8030","7.7640","7.8142","7.7598","92.38K","0.49%"
"04/07/2021","7.7648","7.7657","7.7960","7.7584","110.96K","0.03%"
"04/06/2021","7.7627","7.7584","7.7680","7.7254","87.08K","0.12%"
"04/05/2021","7.7534","7.7236","7.7627","7.7082","39.43K","0.42%"
"04/02/2021","7.7213","7.7319","7.7372","7.7121","52.66K","-0.11%"
"04/01/2021","7.7297","7.6866","7.7342","7.6801","119.84K","0.59%"
"03/31/2021","7.6840","7.6998","7.7067","7.6764","114.83K","-0.18%"
"03/30/2021","7.6980","7.7286","7.7433","7.6974","79.63K","-0.35%"
"03/29/2021","7.7250","7.7157","7.7460","7.7023","90.23K","0.15%"
"03/26/2021","7.7134","7.7008","7.7226","7.6995","108.02K","0.18%"
"03/25/2021","7.6998","7.7075","7.7329","7.6995","115.94K","-0.07%"
"03/24/2021","7.7050","7.7226","7.7323","7.7039","131.56K","-0.20%"
"03/23/2021","7.7202","7.7657","7.7713","7.7164","100.01K","-0.57%"
"03/22/2021","7.7648","7.7451","7.7752","7.7269","107.55K","0.25%"
"03/19/2021","7.7453","7.7523","7.7653","7.7300","115.50K","-0.08%"
"03/18/2021","7.7512","7.7913","7.7974","7.7463","105.63K","-0.49%"
"03/17/2021","7.7893","7.7460","7.7958","7.7279","107.77K","0.62%"
"03/16/2021","7.7412","7.7539","7.7683","7.7293","102.63K","-0.15%"
"03/15/2021","7.7527","7.7789","7.7896","7.7408","102.60K","-0.33%"
"03/12/2021","7.7785","7.7816","7.7860","7.7481","113.69K","-0.04%"
"03/11/2021","7.7815","7.7596","7.7865","7.7434","110.82K","0.31%"
"03/10/2021","7.7572","7.7429","7.7619","7.7270","117.76K","0.23%"
"03/09/2021","7.7396","7.7315","7.7614","7.7239","146.97K","0.16%"
"03/08/2021","7.7276","7.7454","7.7637","7.7291","164.44K","-0.18%"
"03/05/2021","7.7413","7.7433","7.7558","7.7182","137.66K","0.00%"
"03/04/2021","7.7413","7.8025","7.8054","7.7387","146.38K","-0.77%"
"03/03/2021","7.8011","7.8249","7.8317","7.7841","140.76K","-0.26%"
"03/02/2021","7.8218","7.7909","7.8271","7.7583","135.87K","0.43%"
"03/01/2021","7.7881","7.8213","7.8363","7.7737","160.11K","-0.35%"
"02/26/2021","7.8155","7.8592","7.8847","7.8103","164.31K","-0.55%"
"02/25/2021","7.8585","7.8544","7.9020","7.8431","195.12K","0.10%"
"02/24/2021","7.8507","7.8568","7.8662","7.8205","137.43K","-0.03%"
"02/23/2021","7.8531","7.8586","7.8705","7.8437","161.78K","-0.02%"
"02/22/2021","7.8545","7.8247","7.8679","7.8186","132.65K","0.41%"
"02/19/2021","7.8221","7.8449","7.8504","7.8147","144.93K","-0.25%"
"02/18/2021","7.8414","7.7744","7.8478","7.7625","146.97K","0.93%"
"02/17/2021","7.7689","7.8183","7.8216","7.7644","134.24K","-0.56%"
"02/16/2021","7.8128","7.8328","7.8600","7.8109","123.99K","-0.19%"
"02/15/2021","7.8277","7.8293","7.8438","7.8248","86.10K","0.08%"
"02/12/2021","7.8212","7.8338","7.8374","7.8022","96.59K","-0.08%"
"02/11/2021","7.8277","7.8261","7.8467","7.8217","103.48K","0.05%"
"02/10/2021","7.8240","7.7989","7.8403","7.7913","129.85K","0.35%"
"02/09/2021","7.7966","7.7694","7.8011","7.7668","138.72K","0.42%"
"02/08/2021","7.7642","7.7872","7.7963","7.7565","158.74K","-0.29%"
"02/05/2021","7.7868","7.7428","7.7927","7.7382","114.94K","0.59%"
"02/04/2021","7.7412","7.7745","7.7803","7.7383","125.92K","-0.38%"
"02/03/2021","7.7708","7.7761","7.7852","7.7527","155.06K","-0.02%"
"02/02/2021","7.7726","7.7994","7.8122","7.7549","182.92K","-0.33%"
"02/01/2021","7.7984","7.8033","7.8439","7.7905","167.45K","0.01%"
"01/29/2021","7.7974","7.8179","7.8302","7.7927","196.87K","-0.25%"
"01/28/2021","7.8170","7.8516","7.8565","7.8149","212.68K","-0.42%"
"01/27/2021","7.8499","7.8620","7.8684","7.8160","168.90K","-0.11%"
"01/26/2021","7.8583","7.8652","7.8723","7.8401","128.69K","-0.06%"
"01/25/2021","7.8628","7.8872","7.8923","7.8480","128.72K","-0.29%"
"01/22/2021","7.8854","7.8604","7.8994","7.8578","122.99K","0.37%"
"01/21/2021","7.8560","7.8284","7.8659","7.8261","135.56K","0.39%"
"01/20/2021","7.8252","7.8580","7.8703","7.8078","133.22K","-0.38%"
"01/19/2021","7.8549","7.8417","7.8718","7.8375","115.74K","0.22%"
"01/18/2021","7.8376","7.8321","7.8455","7.8188","109.10K","0.14%"
"01/15/2021","7.8265","7.8695","7.8753","7.8250","117.00K","-0.54%"
"01/14/2021","7.8693","7.8635","7.8857","7.8320","113.55K","0.08%"
"01/13/2021","7.8628","7.8914","7.8963","7.8519","116.97K","-0.29%"
"01/12/2021","7.8857","7.8754","7.8924","7.8445","125.11K","0.18%"
"01/11/2021","7.8719","7.9111","7.9176","7.8643","127.10K","-0.50%"
"01/08/2021","7.9112","7.9492","7.9495","7.8946","104.06K","-0.44%"
"01/07/2021","7.9461","7.9664","7.9791","7.9179","112.46K","-0.22%"
"01/06/2021","7.9640","7.9385","7.9755","7.9270","116.61K","0.34%"
"01/05/2021","7.9371","7.9136","7.9463","7.8912","128.75K","0.31%"
"01/04/2021","7.9123","7.9828","7.9972","7.9093","126.66K","-0.09%"
"01/01/2021","7.9194","7.9194","7.9194","7.9194","","-0.62%"
"12/31/2020","7.9690","8.0224","8.0568","7.9685","92.12K","-0.60%"
"12/30/2020","8.0173","7.9988","8.0323","7.9968","114.07K","0.25%"
"12/29/2020","7.9973","7.9864","8.0177","7.9802","117.08K","0.19%"
"12/28/2020","7.9820","7.9823","8.0114","7.9673","94.21K","-0.01%"
"12/25/2020","7.9824","7.9582","7.9889","7.9409","26.80K","0.32%"
"12/24/2020","7.9568","7.9717","7.9871","7.9498","152.70K","-0.15%"
"12/23/2020","7.9690","7.9585","7.9932","7.9499","205.12K","0.16%"
"12/22/2020","7.9565","8.0194","8.0244","7.9510","196.54K","-0.72%"
"12/21/2020","8.0145","7.9868","8.0257","7.9485","177.99K","0.08%"
"12/18/2020","8.0084","8.0149","8.0240","7.9923","112.06K","-0.05%"
"12/17/2020","8.0123","7.9693","8.0189","7.9638","125.54K","0.56%"
"12/16/2020","7.9674","7.9468","7.9767","7.9207","156.19K","0.28%"
"12/15/2020","7.9453","7.9550","7.9714","7.9329","134.34K","-0.07%"
"12/14/2020","7.9512","7.9413","7.9698","7.9201","95.95K","0.32%"
"12/11/2020","7.9260","7.9443","7.9600","7.9208","99.87K","-0.19%"
"12/10/2020","7.9412","7.9062","7.9554","7.9009","99.06K","0.50%"
"12/09/2020","7.9015","7.9072","7.9433","7.8905","138.43K","-0.02%"
"12/08/2020","7.9028","7.9075","7.9269","7.9027","165.04K","-0.03%"
"12/07/2020","7.9053","7.9218","7.9502","7.9007","145.96K","-0.12%"
"12/04/2020","7.9145","7.9460","7.9587","7.9097","146.20K","-0.36%"
"12/03/2020","7.9431","7.9517","7.9670","7.9334","144.02K","-0.07%"
"12/02/2020","7.9488","7.9327","7.9540","7.9015","111.21K","0.23%"
"12/01/2020","7.9306","7.8473","7.9376","7.8460","113.91K","1.11%"
"11/30/2020","7.8439","7.8643","7.8996","7.8444","77.91K","-0.25%"
"11/27/2020","7.8636","7.8325","7.8692","7.8277","86.07K","0.42%"
"11/26/2020","7.8311","7.8396","7.8479","7.8132","91.20K","-0.02%"
"11/25/2020","7.8328","7.8373","7.8499","7.8113","118.43K","-0.03%"
"11/24/2020","7.8355","7.7991","7.8416","7.7861","108.60K","0.50%"
"11/23/2020","7.7966","7.7791","7.8243","7.7715","93.46K","0.26%"
"11/20/2020","7.7765","7.8179","7.8209","7.7768","108.72K","-0.44%"
"11/19/2020","7.8111","7.7765","7.8232","7.7620","130.26K","0.48%"
"11/18/2020","7.7735","7.7781","7.7937","7.7648","142.16K","-0.03%"
"11/17/2020","7.7756","7.8043","7.8145","7.7715","101.47K","-0.35%"
"11/16/2020","7.8028","7.8148","7.8284","7.7809","101.79K","-0.14%"
"11/13/2020","7.8137","7.8066","7.8286","7.8031","121.64K","0.12%"
"11/12/2020","7.8041","7.8095","7.8273","7.7874","154.84K","-0.05%"
"11/11/2020","7.8083","7.8130","7.8246","7.7850","145.57K","-0.08%"
"11/10/2020","7.8145","7.8312","7.8425","7.7886","186.78K","-0.18%"
"11/09/2020","7.8283","7.8555","7.8854","7.8004","162.07K","-0.21%"
"11/06/2020","7.8450","7.8110","7.8623","7.7921","141.85K","0.46%"
"11/05/2020","7.8090","7.8026","7.8368","7.7808","138.52K","0.20%"
"11/04/2020","7.7935","7.8230","7.8597","7.7808","157.40K","-0.31%"
"11/03/2020","7.8181","7.7902","7.8400","7.7809","101.84K","0.41%"
"11/02/2020","7.7864","7.8024","7.8024","7.7769","106.91K","-0.10%"
"10/30/2020","7.7941","7.8391","7.8427","7.7900","131.49K","-0.56%"
"10/29/2020","7.8379","7.9035","7.9130","7.8226","168.25K","-0.81%"
"10/28/2020","7.9019","7.9095","7.9165","7.8727","128.53K","-0.07%"
"10/27/2020","7.9078","7.9271","7.9411","7.9075","107.98K","-0.21%"
"10/26/2020","7.9247","7.9292","7.9392","7.9056","102.88K","-0.03%"
"10/23/2020","7.9269","7.8998","7.9343","7.8765","118.22K","0.39%"
"10/22/2020","7.8962","7.8902","7.9134","7.8754","108.46K","0.13%"
"10/21/2020","7.8859","7.8932","7.9025","7.8722","119.77K","-0.06%"
"10/20/2020","7.8903","7.8646","7.9088","7.8608","85.45K","0.39%"
"10/19/2020","7.8600","7.8506","7.8845","7.8337","90.95K","0.17%"
"10/16/2020","7.8466","7.8741","7.8795","7.8406","103.54K","-0.30%"
"10/15/2020","7.8703","7.8885","7.9040","7.8620","107.40K","-0.20%"
"10/14/2020","7.8858","7.9247","7.9283","7.8855","115.51K","-0.45%"
"10/13/2020","7.9216","7.9689","7.9757","7.9142","123.48K","-0.58%"
"10/12/2020","7.9680","7.9125","7.9735","7.8981","107.90K","0.68%"
"10/09/2020","7.9142","7.9853","7.9952","7.8986","88.39K","-0.87%"
"10/08/2020","7.9834","7.9874","8.0013","7.9673","123.24K","-0.02%"
"10/07/2020","7.9848","7.9684","8.0016","7.9619","110.95K","0.24%"
"10/06/2020","7.9658","8.0010","8.0189","7.9666","116.86K","-0.42%"
"10/05/2020","7.9991","7.9561","8.0121","7.9497","89.85K","0.57%"
"10/02/2020","7.9536","7.9779","7.9799","7.9422","133.92K","-0.28%"
"10/01/2020","7.9760","7.9589","7.9931","7.9565","124.51K","0.25%"
"09/30/2020","7.9561","8.0043","8.0090","7.9487","106.60K","-0.58%"
"09/29/2020","8.0022","7.9467","8.0070","7.9430","98.81K","0.73%"
"09/28/2020","7.9439","7.9416","7.9591","7.9223","77.49K","0.12%"
"09/25/2020","7.9340","7.9695","7.9752","7.9238","122.07K","-0.44%"
"09/24/2020","7.9688","7.9413","7.9818","7.9352","144.10K","0.38%"
"09/23/2020","7.9385","7.9383","7.9625","7.9152","149.69K","0.05%"
"09/22/2020","7.9342","8.0101","8.0128","7.9264","140.25K","-0.92%"
"09/21/2020","8.0080","8.0203","8.0300","7.9817","153.71K","-0.03%"
"09/18/2020","8.0107","8.0163","8.0379","7.9995","113.94K","-0.01%"
"09/17/2020","8.0119","7.9815","8.0201","7.9491","132.91K","0.43%"
"09/16/2020","7.9779","8.0364","8.0388","7.9619","117.23K","-0.66%"
"09/15/2020","8.0310","8.0807","8.0864","8.0287","89.38K","-0.60%"
"09/14/2020","8.0797","8.0920","8.1049","8.0762","79.71K","-0.17%"
"09/11/2020","8.0937","8.0741","8.1165","8.0731","90.87K","0.26%"
"09/10/2020","8.0724","8.0640","8.1391","8.0633","102.45K","0.13%"
"09/09/2020","8.0617","8.0658","8.0868","8.0453","113.58K","0.04%"
"09/08/2020","8.0582","8.0716","8.0841","8.0576","113.19K","-0.16%"
"09/07/2020","8.0710","8.0968","8.1077","8.0679","76.43K","-0.33%"
"09/04/2020","8.0976","8.1135","8.1196","8.0607","105.99K","-0.14%"
"09/03/2020","8.1089","8.1047","8.1241","8.0615","112.77K","0.05%"
"09/02/2020","8.1045","8.1330","8.1464","8.0765","108.14K","-0.33%"
"09/01/2020","8.1312","8.1743","8.1907","8.1259","108.87K","-0.51%"
"08/31/2020","8.1731","8.1691","8.1912","8.1451","91.40K","0.02%"
"08/28/2020","8.1711","8.1497","8.1814","8.1349","99.92K","0.29%"
"08/27/2020","8.1476","8.1469","8.1856","8.1083","108.72K","0.03%"
"08/26/2020","8.1449","8.1812","8.1854","8.1151","103.79K","-0.41%"
"08/25/2020","8.1785","8.1603","8.1867","8.1509","103.18K","0.30%"
"08/24/2020","8.1542","8.1560","8.1925","8.1537","90.13K","-0.07%"
"08/21/2020","8.1597","8.2022","8.2143","8.1361","103.88K","-0.49%"
"08/20/2020","8.1997","8.1934","8.2079","8.1705","117.93K","0.12%"
"08/19/2020","8.1896","8.2584","8.2740","8.1868","115.34K","-0.82%"
"08/18/2020","8.2573","8.2297","8.2726","8.2259","110.59K","0.36%"
"08/17/2020","8.2274","8.2292","8.2425","8.2109","90.86K","-0.03%"
"08/14/2020","8.2296","8.2055","8.2372","8.1909","88.00K","0.33%"
"08/13/2020","8.2023","8.1761","8.2414","8.1724","103.65K","0.37%"
"08/12/2020","8.1723","8.1550","8.1975","8.1394","85.77K","0.29%"
"08/11/2020","8.1484","8.1715","8.2021","8.1463","105.21K","-0.26%"
"08/10/2020","8.1695","8.2139","8.2252","8.1702","90.59K","-0.51%"
"08/07/2020","8.2113","8.2587","8.2639","8.1934","106.49K","-0.54%"
"08/06/2020","8.2555","8.2290","8.2726","8.2136","127.62K","0.36%"
"08/05/2020","8.2260","8.2301","8.2588","8.2059","121.43K","-0.02%"
"08/04/2020","8.2277","8.2130","8.2441","8.1830","95.10K","0.23%"
"08/03/2020","8.2091","8.2188","8.2290","8.1676","100.47K","-0.06%"
"07/31/2020","8.2138","8.3027","8.3328","8.2028","115.00K","-1.06%"
"07/30/2020","8.3017","8.2537","8.3048","8.2166","124.88K","0.57%"
"07/29/2020","8.2547","8.2036","8.2670","8.1989","112.30K","0.67%"
"07/28/2020","8.1996","8.2229","8.2379","8.1918","107.84K","-0.25%"
"07/27/2020","8.2198","8.1723","8.2434","8.1657","106.35K","0.56%"
"07/24/2020","8.1741","8.1226","8.1814","8.1187","122.61K","0.67%"
"07/23/2020","8.1197","8.1028","8.1440","8.0869","109.32K","0.29%"
"07/22/2020","8.0962","8.0465","8.1192","8.0338","103.56K","0.64%"
"07/21/2020","8.0445","7.9947","8.0562","7.9822","97.39K","0.67%"
"07/20/2020","7.9912","7.9776","8.0176","7.9686","104.81K","0.04%"
"07/17/2020","7.9881","7.9567","8.0041","7.9518","114.85K","0.42%"
"07/16/2020","7.9546","7.9751","8.0017","7.9469","121.11K","-0.24%"
"07/15/2020","7.9739","7.9886","8.0051","7.9678","117.02K","-0.13%"
"07/14/2020","7.9840","7.9366","8.0041","7.9334","125.42K","0.63%"
"07/13/2020","7.9341","7.9118","7.9605","7.9100","97.96K","0.34%"
"07/10/2020","7.9075","7.8915","7.9270","7.8828","95.29K","0.22%"
"07/09/2020","7.8901","7.9355","7.9489","7.8891","112.52K","-0.56%"
"07/08/2020","7.9349","7.9069","7.9520","7.9006","131.06K","0.40%"
"07/07/2020","7.9033","7.9368","7.9547","7.9024","127.31K","-0.38%"
"07/06/2020","7.9336","7.9440","7.9653","7.9283","96.68K","-0.17%"
"07/03/2020","7.9474","7.9433","7.9537","7.9257","121.92K","0.08%"
"07/02/2020","7.9408","7.9565","7.9883","7.9310","113.92K","-0.17%"
"07/01/2020","7.9541","7.9363","7.9711","7.9033","102.24K","0.24%"
"06/30/2020","7.9348","7.9602","7.9684","7.9148","129.16K","-0.28%"
"06/29/2020","7.9572","7.9467","7.9907","7.9393","123.68K","0.24%"
"06/26/2020","7.9383","7.9418","7.9563","7.9237","117.83K","0.01%"
"06/25/2020","7.9376","7.9633","7.9708","7.9206","130.06K","-0.30%"
"06/24/2020","7.9616","7.9827","8.0063","7.9616","130.04K","-0.22%"
"06/23/2020","7.9792","7.9587","8.0124","7.9400","135.66K","0.28%"
"06/22/2020","7.9569","7.9104","7.9658","7.8984","112.83K","0.70%"
"06/19/2020","7.9015","7.9444","7.9606","7.8992","125.35K","-0.47%"
"06/18/2020","7.9387","7.9670","7.9740","7.9299","128.70K","-0.32%"
"06/17/2020","7.9645","7.9823","8.0059","7.9408","140.27K","-0.19%"
"06/16/2020","7.9796","8.0286","8.0415","7.9557","123.84K","-0.58%"
"06/15/2020","8.0258","7.9657","8.0368","7.9519","130.68K","0.72%"
"06/12/2020","7.9684","7.9828","8.0239","7.9419","122.60K","-0.15%"
"06/11/2020","7.9802","8.0308","8.0569","7.9746","148.80K","-0.58%"
"06/10/2020","8.0264","8.0271","8.0657","7.9948","125.04K","0.05%"
"06/09/2020","8.0226","7.9888","8.0467","7.9680","123.51K","0.49%"
"06/08/2020","7.9834","7.9949","8.0172","7.9711","95.31K","-0.08%"
"06/05/2020","7.9900","8.0613","8.0691","7.9871","121.81K","-0.83%"
"06/04/2020","8.0571","7.9938","8.0790","7.9691","126.76K","0.87%"
"06/03/2020","7.9876","7.9337","8.0106","7.9298","139.70K","0.74%"
"06/02/2020","7.9291","7.9383","7.9550","7.9121","132.25K","-0.04%"
"06/01/2020","7.9321","7.9199","7.9517","7.9162","107.14K","0.18%"
"05/29/2020","7.9182","7.9164","7.9550","7.9084","124.15K","0.06%"
"05/28/2020","7.9135","7.8899","7.9281","7.8647","124.46K","0.33%"
"05/27/2020","7.8871","7.8364","7.9022","7.8253","128.18K","0.69%"
"05/26/2020","7.8331","7.7788","7.8471","7.7731","104.52K","0.72%"
"05/25/2020","7.7774","7.7740","7.7898","7.7577","69.42K","0.13%"
"05/22/2020","7.7676","7.7909","7.7987","7.7608","126.90K","-0.27%"
"05/21/2020","7.7889","7.7883","7.8235","7.7769","115.94K","0.04%"
"05/20/2020","7.7858","7.7581","7.8080","7.7506","123.47K","0.44%"
"05/19/2020","7.7517","7.7588","7.8031","7.7497","117.31K","-0.06%"
"05/18/2020","7.7562","7.6817","7.7691","7.6746","95.49K","0.99%"
"05/15/2020","7.6801","7.6671","7.7078","7.6620","102.80K","0.21%"
"05/14/2020","7.6638","7.6728","7.6798","7.6489","118.71K","-0.08%"
"05/13/2020","7.6697","7.6835","7.7239","7.6675","127.89K","-0.14%"
"05/12/2020","7.6807","7.6721","7.7109","7.6553","128.42K","0.15%"
"05/11/2020","7.6692","7.6670","7.6920","7.6550","100.26K","0.02%"
"05/08/2020","7.6673","7.6745","7.6954","7.6514","109.32K","-0.06%"
"05/07/2020","7.6718","7.6694","7.6764","7.6312","112.68K","0.06%"
"05/06/2020","7.6671","7.6554","7.6963","7.6494","109.93K","0.23%"
"05/05/2020","7.6497","7.7027","7.7166","7.6452","100.33K","-0.65%"
"05/04/2020","7.6999","7.7547","7.7547","7.6943","87.75K","-0.66%"
"05/01/2020","7.7514","7.7374","7.7815","7.7218","91.36K","0.22%"
"04/30/2020","7.7342","7.6939","7.7466","7.6502","126.42K","0.53%"
"04/29/2020","7.6932","7.6598","7.7042","7.6584","134.78K","0.48%"
"04/28/2020","7.6565","7.6743","7.7082","7.6580","137.21K","-0.15%"
"04/27/2020","7.6678","7.6545","7.6939","7.6532","116.76K","0.08%"
"04/24/2020","7.6620","7.6165","7.6701","7.5957","124.41K","0.63%"
"04/23/2020","7.6137","7.6675","7.6755","7.6045","126.62K","-0.67%"
"04/22/2020","7.6653","7.6998","7.7108","7.6523","119.53K","-0.43%"
"04/21/2020","7.6984","7.6833","7.7185","7.6672","125.54K","0.22%"
"04/20/2020","7.6817","7.6916","7.7048","7.6731","117.54K","-0.08%"
"04/17/2020","7.6877","7.6710","7.7065","7.6494","132.18K","0.25%"
"04/16/2020","7.6688","7.7112","7.7174","7.6579","142.37K","-0.50%"
"04/15/2020","7.7073","7.7400","7.7500","7.6725","118.65K","-0.35%"
"04/14/2020","7.7347","7.6980","7.7466","7.6902","114.14K","0.54%"
"04/13/2020","7.6931","7.6981","7.7285","7.6819","66.13K","0.06%"
"04/10/2020","7.6888","7.6983","7.7088","7.6818","78.01K","-0.09%"
"04/09/2020","7.6957","7.6716","7.7144","7.6576","135.04K","0.38%"
"04/08/2020","7.6665","7.6736","7.6957","7.6507","147.43K","-0.03%"
"04/07/2020","7.6689","7.6552","7.7005","7.6485","153.93K","0.22%"
"04/06/2020","7.6517","7.6698","7.6854","7.6372","115.26K","-0.16%"
"04/03/2020","7.6637","7.6919","7.7006","7.6384","125.12K","-0.32%"
"04/02/2020","7.6882","7.7846","7.8016","7.6653","144.19K","-1.20%"
"04/01/2020","7.7818","7.8127","7.8254","7.7409","132.95K","-0.35%"
"03/31/2020","7.8094","7.8434","7.8498","7.7542","145.88K","-0.42%"
"03/30/2020","7.8425","7.9028","7.9088","7.8178","125.88K","-0.76%"
"03/27/2020","7.9029","7.8021","7.9106","7.7716","141.62K","1.35%"
"03/26/2020","7.7978","7.7417","7.8230","7.7298","141.21K","0.80%"
"03/25/2020","7.7356","7.6203","7.7512","7.6002","147.68K","1.56%"
"03/24/2020","7.6167","7.6071","7.6877","7.5896","160.83K","0.20%"
"03/23/2020","7.6012","7.5900","7.6672","7.5477","163.04K","0.18%"
"03/20/2020","7.5874","7.6002","7.6436","7.5481","163.20K","-0.11%"
"03/19/2020","7.5961","7.6923","7.7409","7.5735","162.51K","-1.21%"
"03/18/2020","7.6892","7.7066","7.7477","7.6123","148.43K","-0.19%"
"03/17/2020","7.7036","7.8204","7.8303","7.6750","141.53K","-1.45%"
"03/16/2020","7.8170","7.7691","7.8713","7.7414","147.16K","0.51%"
"03/13/2020","7.7775","7.8624","7.8741","7.7473","156.18K","-1.04%"
"03/12/2020","7.8596","7.8438","7.9292","7.7711","147.23K","0.23%"
"03/11/2020","7.8417","7.8472","7.9029","7.8358","141.68K","-0.03%"
"03/10/2020","7.8444","7.9510","7.9601","7.8430","135.60K","-1.32%"
"03/09/2020","7.9497","7.8277","7.9816","7.8222","145.56K","1.65%"
"03/06/2020","7.8203","7.7979","7.8669","7.7778","125.38K","0.32%"
"03/05/2020","7.7954","7.7131","7.8014","7.7086","101.35K","1.11%"
"03/04/2020","7.7096","7.7780","7.7881","7.6873","104.89K","-0.81%"
"03/03/2020","7.7727","7.7500","7.8144","7.7406","117.17K","0.33%"
"03/02/2020","7.7473","7.6933","7.7869","7.6933","118.76K","0.52%"
"02/28/2020","7.7071","7.7056","7.7237","7.6519","107.29K","0.06%"
"02/27/2020","7.7026","7.6434","7.7096","7.6395","99.65K","0.84%"
"02/26/2020","7.6386","7.6314","7.6571","7.6202","99.80K","0.12%"
"02/25/2020","7.6292","7.6297","7.6384","7.5963","98.98K","0.02%"
"02/24/2020","7.6274","7.6180","7.6427","7.5963","83.66K","0.13%"
"02/21/2020","7.6177","7.5743","7.6346","7.5732","77.59K","0.61%"
"02/20/2020","7.5717","7.5623","7.6016","7.5588","84.09K","0.15%"
"02/19/2020","7.5601","7.5510","7.5780","7.5420","84.08K","0.16%"
"02/18/2020","7.5482","7.5664","7.5913","7.5483","82.06K","-0.19%"
"02/17/2020","7.5628","7.5682","7.5773","7.5563","60.35K","-0.04%"
"02/14/2020","7.5657","7.5638","7.5878","7.5540","75.66K","0.05%"
"02/13/2020","7.5619","7.5813","7.6043","7.5582","78.15K","-0.21%"
"02/12/2020","7.5780","7.6041","7.6183","7.5747","74.62K","-0.31%"
"02/11/2020","7.6016","7.6207","7.6242","7.5937","76.29K","-0.21%"
"02/10/2020","7.6174","7.6674","7.6707","7.6182","78.95K","-0.56%"
"02/07/2020","7.6604","7.6560","7.6865","7.6518","72.96K","0.10%"
"02/06/2020","7.6524","7.6709","7.6784","7.6428","76.53K","-0.19%"
"02/05/2020","7.6671","7.7292","7.7357","7.6657","75.90K","-0.79%"
"02/04/2020","7.7278","7.7655","7.7720","7.7211","75.21K","-0.46%"
"02/03/2020","7.7636","7.6942","7.7860","7.6855","68.01K","0.90%"
"01/31/2020","7.6945","7.6525","7.6976","7.6418","69.73K","0.57%"
"01/30/2020","7.6508","7.6373","7.6581","7.6341","71.94K","0.19%"
"01/29/2020","7.6363","7.6456","7.6501","7.6244","66.91K","-0.10%"
"01/28/2020","7.6439","7.6435","7.6484","7.6286","63.23K","0.02%"
"01/27/2020","7.6425","7.6449","7.6574","7.6366","66.69K","-0.05%"
"01/24/2020","7.6460","7.6681","7.6737","7.6439","56.27K","-0.26%"
"01/23/2020","7.6661","7.6612","7.7025","7.6523","56.22K","0.12%"
"01/22/2020","7.6572","7.6545","7.6668","7.6399","66.58K","0.07%"
"01/21/2020","7.6520","7.6188","7.6747","7.6140","65.32K","0.45%"
"01/20/2020","7.6176","7.6088","7.6218","7.5911","53.87K","0.16%"
"01/17/2020","7.6051","7.6607","7.6631","7.6044","56.25K","-0.68%"
"01/16/2020","7.6574","7.6840","7.6896","7.6545","70.36K","-0.31%"
"01/15/2020","7.6815","7.6614","7.6925","7.6578","79.88K","0.29%"
"01/14/2020","7.6595","7.6762","7.6817","7.6442","80.81K","-0.18%"
"01/13/2020","7.6733","7.6977","7.6984","7.6549","69.81K","-0.25%"
"01/10/2020","7.6926","7.6981","7.7060","7.6725","70.75K","-0.05%"
"01/09/2020","7.6968","7.7138","7.7218","7.6891","79.26K","-0.19%"
"01/08/2020","7.7114","7.7457","7.7640","7.7113","95.74K","-0.42%"
"01/07/2020","7.7443","7.8097","7.8118","7.7316","77.32K","-0.84%"
"01/06/2020","7.8098","7.7791","7.8140","7.7701","63.93K","0.47%"
"01/03/2020","7.7735","7.7806","7.7915","7.7547","62.39K","-0.09%"
"01/02/2020","7.7804","7.8072","7.8280","7.7743","51.19K","-0.27%"
"01/01/2020","7.8013","7.8075","7.8148","7.8019","0.78K","-0.04%"
"12/31/2019","7.8042","7.8238","7.8373","7.7993","48.28K","-0.24%"
"12/30/2019","7.8227","7.8178","7.8412","7.8100","56.72K","0.07%"
"12/27/2019","7.8174","7.7637","7.8272","7.7630","56.80K","0.75%"
"12/26/2019","7.7589","7.7520","7.7738","7.7468","38.81K","0.11%"
"12/25/2019","7.7501","7.7706","7.7720","7.7388","22.24K","-0.23%"
"12/24/2019","7.7680","7.7764","7.7812","7.7545","61.92K","-0.08%"
"12/23/2019","7.7739","7.7642","7.7827","7.7579","53.76K","0.16%"
"12/20/2019","7.7616","7.7970","7.8022","7.7534","55.35K","-0.43%"
"12/19/2019","7.7948","7.7847","7.8137","7.7802","59.50K","0.22%"
"12/18/2019","7.7777","7.8019","7.8060","7.7740","60.72K","-0.29%"
"12/17/2019","7.8006","7.7929","7.8200","7.7863","63.20K","0.13%"
"12/16/2019","7.7906","7.7737","7.8108","7.7737","60.39K","0.31%"
"12/13/2019","7.7664","7.7738","7.8235","7.7661","87.97K","-0.02%"
"12/12/2019","7.7683","7.8341","7.8504","7.7550","73.57K","-0.82%"
"12/11/2019","7.8323","7.8024","7.8451","7.7908","68.44K","0.40%"
"12/10/2019","7.8008","7.7879","7.8069","7.7815","65.21K","0.18%"
"12/09/2019","7.7864","7.7768","7.7995","7.7723","46.67K","0.10%"
"12/06/2019","7.7784","7.8219","7.8322","7.7663","52.91K","-0.56%"
"12/05/2019","7.8222","7.8106","7.8261","7.8004","60.48K","0.19%"
"12/04/2019","7.8074","7.8250","7.8399","7.8021","73.05K","-0.21%"
"12/03/2019","7.8242","7.7989","7.8338","7.7921","75.44K","0.36%"
"12/02/2019","7.7960","7.7456","7.8066","7.7419","67.26K","0.67%"
"11/29/2019","7.7444","7.7449","7.7564","7.7154","62.79K","0.02%"
"11/28/2019","7.7431","7.7309","7.7492","7.7309","67.10K","0.18%"
"11/27/2019","7.7294","7.7510","7.7548","7.7243","69.17K","-0.24%"
"11/26/2019","7.7477","7.7498","7.7621","7.7341","67.37K","0.00%"
"11/25/2019","7.7475","7.7609","7.7644","7.7425","63.73K","-0.14%"
"11/22/2019","7.7583","7.7737","7.8007","7.7539","71.21K","-0.17%"
"11/21/2019","7.7714","7.7916","7.8048","7.7684","75.30K","-0.22%"
"11/20/2019","7.7885","7.7852","7.7961","7.7741","81.26K","0.06%"
"11/19/2019","7.7837","7.7793","7.7897","7.7691","73.79K","0.10%"
"11/18/2019","7.7762","7.7455","7.7926","7.7427","71.08K","0.42%"
"11/15/2019","7.7433","7.7391","7.7509","7.7150","71.78K","0.09%"
"11/14/2019","7.7362","7.7300","7.7426","7.7136","74.49K","0.10%"
"11/13/2019","7.7287","7.7153","7.7408","7.7132","70.94K","0.21%"
"11/12/2019","7.7122","7.7345","7.7387","7.7101","65.16K","-0.27%"
"11/11/2019","7.7332","7.7111","7.7440","7.7049","53.46K","0.33%"
"11/08/2019","7.7075","7.7115","7.7289","7.7000","63.96K","0.00%"
"11/07/2019","7.7077","7.7449","7.7665","7.7010","92.09K","-0.44%"
"11/06/2019","7.7420","7.7633","7.7681","7.7394","79.43K","-0.24%"
"11/05/2019","7.7609","7.8235","7.8263","7.7503","90.40K","-0.78%"
"11/04/2019","7.8216","7.8556","7.8623","7.8207","72.68K","-0.45%"
"11/01/2019","7.8566","7.8505","7.8690","7.8342","74.07K","0.12%"
"10/31/2019","7.8473","7.8674","7.8797","7.8315","93.44K","-0.21%"
"10/30/2019","7.8639","7.8515","7.8684","7.8169","78.54K","0.18%"
"10/29/2019","7.8498","7.8445","7.8568","7.8211","64.15K","0.09%"
"10/28/2019","7.8430","7.8299","7.8495","7.8132","56.36K","0.21%"
"10/25/2019","7.8263","7.8495","7.8652","7.8231","73.39K","-0.29%"
"10/24/2019","7.8488","7.8647","7.8880","7.8408","85.51K","-0.14%"
"10/23/2019","7.8597","7.8731","7.8834","7.8526","83.87K","-0.15%"
"10/22/2019","7.8715","7.8901","7.8964","7.8678","85.09K","-0.20%"
"10/21/2019","7.8870","7.8912","7.9082","7.8795","80.18K","-0.27%"
"10/18/2019","7.9082","7.8736","7.9124","7.8610","78.56K","0.48%"
"10/17/2019","7.8706","7.8540","7.8800","7.8416","94.05K","0.25%"
"10/16/2019","7.8508","7.8130","7.8643","7.8066","95.64K","0.50%"
"10/15/2019","7.8115","7.7944","7.8232","7.7820","94.49K","0.28%"
"10/14/2019","7.7896","7.8280","7.8323","7.7749","78.06K","-0.44%"
"10/11/2019","7.8238","7.8322","7.8545","7.8097","98.77K","-0.08%"
"10/10/2019","7.8297","7.8250","7.8620","7.8056","96.61K","0.09%"
"10/09/2019","7.8227","7.8278","7.8457","7.8174","80.91K","-0.01%"
"10/08/2019","7.8236","7.8425","7.8582","7.8152","82.97K","-0.22%"
"10/07/2019","7.8410","7.8461","7.8639","7.8357","63.62K","-0.05%"
"10/04/2019","7.8453","7.8371","7.8593","7.8321","77.21K","0.11%"
"10/03/2019","7.8367","7.8339","7.8636","7.8207","74.96K","0.05%"
"10/02/2019","7.8324","7.8150","7.8378","7.7942","59.62K","0.26%"
"10/01/2019","7.8124","7.7917","7.8228","7.7764","66.57K","0.29%"
"09/30/2019","7.7896","7.7923","7.8143","7.7752","64.92K","0.00%"
"09/27/2019","7.7898","7.7895","7.8062","7.7737","78.21K","0.04%"
"09/26/2019","7.7867","7.8040","7.8198","7.7806","84.10K","-0.20%"
"09/25/2019","7.8024","7.8423","7.8455","7.8000","78.77K","-0.45%"
"09/24/2019","7.8380","7.8261","7.8459","7.8040","75.33K","0.20%"
"09/23/2019","7.8221","7.8121","7.8485","7.8068","69.47K","0.13%"
"09/20/2019","7.8120","7.8360","7.8458","7.7976","72.80K","-0.28%"
"09/19/2019","7.8339","7.8159","7.8568","7.8106","75.97K","0.26%"
"09/18/2019","7.8139","7.8528","7.8553","7.8042","76.07K","-0.46%"
"09/17/2019","7.8499","7.7742","7.8546","7.7724","87.20K","1.00%"
"09/16/2019","7.7725","7.8490","7.8532","7.7680","83.11K","-0.79%"
"09/13/2019","7.8346","7.8316","7.8656","7.8259","81.76K","0.06%"
"09/12/2019","7.8298","7.8363","7.8492","7.7449","100.54K","-0.04%"
"09/11/2019","7.8332","7.8549","7.8720","7.8169","81.54K","-0.26%"
"09/10/2019","7.8539","7.8676","7.8716","7.8371","78.80K","-0.15%"
"09/09/2019","7.8659","7.8444","7.8830","7.8380","73.27K","0.28%"
"09/06/2019","7.8436","7.8884","7.8967","7.8400","91.68K","-0.54%"
"09/05/2019","7.8858","7.8853","7.9275","7.8569","100.52K","0.08%"
"09/04/2019","7.8794","7.8782","7.8907","7.8560","101.37K","0.04%"
"09/03/2019","7.8764","7.8677","7.8833","7.8409","102.59K","0.15%"
"09/02/2019","7.8643","7.8643","7.8785","7.8561","73.90K","0.03%"
"08/30/2019","7.8619","7.8993","7.9075","7.8457","90.75K","-0.44%"
"08/29/2019","7.8970","7.9370","7.9488","7.8886","90.46K","-0.47%"
"08/28/2019","7.9342","7.9433","7.9566","7.9294","89.75K","-0.08%"
"08/27/2019","7.9408","7.9400","7.9688","7.9314","92.52K","0.05%"
"08/26/2019","7.9368","7.9089","7.9719","7.9018","102.31K","0.41%"
"08/23/2019","7.9042","7.8483","7.9149","7.8253","99.19K","0.74%"
"08/22/2019","7.8464","7.8295","7.8726","7.8278","90.90K","0.25%"
"08/21/2019","7.8271","7.8371","7.8491","7.8212","88.04K","-0.11%"
"08/20/2019","7.8356","7.8116","7.8424","7.8105","90.47K","0.35%"
"08/19/2019","7.8085","7.8119","7.8343","7.8045","79.44K","0.01%"
"08/16/2019","7.8081","7.8127","7.8237","7.7906","80.64K","-0.02%"
"08/15/2019","7.8098","7.8245","7.8594","7.8038","99.74K","-0.15%"
"08/14/2019","7.8215","7.8680","7.8750","7.8174","99.66K","-0.52%"
"08/13/2019","7.8624","7.9150","7.9371","7.8676","99.72K","-0.63%"
"08/12/2019","7.9125","7.9128","7.9270","7.8838","80.08K","0.07%"
"08/09/2019","7.9072","7.8769","7.9266","7.8762","95.14K","0.42%"
"08/08/2019","7.8738","7.9068","7.9177","7.8744","109.13K","-0.38%"
"08/07/2019","7.9042","7.8689","7.9416","7.8682","112.98K","0.50%"
"08/06/2019","7.8649","7.8990","7.9348","7.8398","112.28K","-0.35%"
"08/05/2019","7.8927","7.7061","7.9065","7.7061","106.02K","2.41%"
"08/02/2019","7.7068","7.6472","7.7161","7.6396","105.38K","0.82%"
"08/01/2019","7.6442","7.6246","7.6547","7.5953","110.54K","0.28%"
"07/31/2019","7.6226","7.6797","7.6886","7.6136","90.66K","-0.71%"
"07/30/2019","7.6769","7.6820","7.6851","7.6646","84.81K","-0.06%"
"07/29/2019","7.6812","7.6541","7.6872","7.6510","69.18K","0.38%"
"07/26/2019","7.6523","7.6609","7.6726","7.6437","71.20K","-0.09%"
"07/25/2019","7.6589","7.6567","7.6905","7.6251","84.94K","0.06%"
"07/24/2019","7.6545","7.6717","7.6798","7.6499","86.38K","-0.21%"
"07/23/2019","7.6704","7.7138","7.7145","7.6660","82.17K","-0.53%"
"07/22/2019","7.7114","7.7204","7.7261","7.7092","72.71K","-0.12%"
"07/19/2019","7.7207","7.7586","7.7625","7.7101","93.04K","-0.45%"
"07/18/2019","7.7558","7.7150","7.7617","7.7084","89.71K","0.55%"
"07/17/2019","7.7137","7.7090","7.7230","7.7056","80.74K","0.09%"
"07/16/2019","7.7065","7.7426","7.7475","7.7021","77.38K","-0.45%"
"07/15/2019","7.7413","7.7540","7.7609","7.7392","67.90K","-0.15%"
"07/12/2019","7.7526","7.7318","7.7581","7.7283","84.95K","0.31%"
"07/11/2019","7.7288","7.7327","7.7511","7.7252","89.10K","0.00%"
"07/10/2019","7.7286","7.7201","7.7418","7.7102","87.14K","0.20%"
"07/09/2019","7.7131","7.7177","7.7260","7.7071","75.97K","-0.02%"
"07/08/2019","7.7148","7.7367","7.7425","7.7111","70.85K","-0.27%"
"07/05/2019","7.7355","7.7545","7.7624","7.7215","84.89K","-0.22%"
"07/04/2019","7.7523","7.7603","7.7688","7.7463","64.91K","-0.09%"
"07/03/2019","7.7593","7.7561","7.7851","7.7551","79.01K","0.08%"
"07/02/2019","7.7533","7.7325","7.7864","7.7284","81.97K","0.32%"
"07/01/2019","7.7288","7.8079","7.8117","7.7291","80.54K","-0.96%"
"06/28/2019","7.8041","7.8183","7.8258","7.7942","70.70K","-0.17%"
"06/27/2019","7.8176","7.8219","7.8297","7.8056","71.84K","-0.02%"
"06/26/2019","7.8190","7.8203","7.8375","7.8005","78.90K","0.02%"
"06/25/2019","7.8174","7.8391","7.8562","7.8041","77.27K","-0.20%"
"06/24/2019","7.8327","7.8050","7.8444","7.8050","63.79K","0.33%"
"06/21/2019","7.8069","7.7373","7.8171","7.7213","77.80K","0.92%"
"06/20/2019","7.7355","7.7500","7.7783","7.7225","81.11K","-0.11%"
"06/19/2019","7.7441","7.7261","7.7693","7.7225","63.83K","0.29%"
"06/18/2019","7.7220","7.7694","7.7900","7.7213","70.08K","-0.59%"
"06/17/2019","7.7679","7.7677","7.7900","7.7573","59.26K","0.10%"
"06/14/2019","7.7605","7.8094","7.8177","7.7576","75.07K","-0.55%"
"06/13/2019","7.8037","7.8080","7.8242","7.7980","88.05K","-0.03%"
"06/12/2019","7.8062","7.8279","7.8522","7.8042","91.86K","-0.29%"
"06/11/2019","7.8291","7.8403","7.8462","7.8111","86.31K","-0.13%"
"06/10/2019","7.8390","7.8246","7.8497","7.8153","74.32K","0.18%"
"06/07/2019","7.8248","7.7910","7.8418","7.7738","75.24K","0.47%"
"06/06/2019","7.7883","7.7586","7.8191","7.7524","98.90K","0.49%"
"06/05/2019","7.7505","7.7725","7.8079","7.7510","98.18K","-0.27%"
"06/04/2019","7.7713","7.7605","7.7920","7.7562","94.67K","0.16%"
"06/03/2019","7.7587","7.7115","7.7764","7.7029","94.90K","0.53%"
"05/31/2019","7.7179","7.6849","7.7222","7.6794","128.99K","0.48%"
"05/30/2019","7.6809","7.6969","7.7062","7.6747","103.55K","-0.18%"
"05/29/2019","7.6944","7.7121","7.7241","7.6911","118.21K","-0.19%"
"05/28/2019","7.7091","7.7247","7.7429","7.7107","108.36K","-0.17%"
"05/27/2019","7.7222","7.7255","7.7377","7.7148","80.25K","-0.09%"
"05/24/2019","7.7290","7.7273","7.7394","7.7158","97.20K","0.07%"
"05/23/2019","7.7239","7.7013","7.7322","7.6859","110.26K","0.30%"
"05/22/2019","7.7009","7.7078","7.7211","7.6987","97.45K","0.01%"
"05/21/2019","7.6998","7.7214","7.7257","7.6941","102.31K","-0.24%"
"05/20/2019","7.7183","7.7198","7.7280","7.7012","85.39K","-0.02%"
"05/17/2019","7.7200","7.6923","7.7341","7.6889","105.14K","0.39%"
"05/16/2019","7.6899","7.7027","7.7237","7.6861","106.72K","-0.12%"
"05/15/2019","7.6991","7.7097","7.7208","7.6877","115.92K","-0.08%"
"05/14/2019","7.7054","7.7203","7.7422","7.7015","102.14K","-0.16%"
"05/13/2019","7.7175","7.6709","7.7476","7.6631","98.93K","0.71%"
"05/10/2019","7.6628","7.6621","7.6813","7.6299","133.69K","0.11%"
"05/09/2019","7.6542","7.5914","7.6805","7.5890","134.16K","0.85%"
"05/08/2019","7.5895","7.5841","7.6074","7.5774","133.55K","0.10%"
"05/07/2019","7.5818","7.5756","7.6062","7.5621","137.41K","0.16%"
"05/06/2019","7.5694","7.5451","7.6066","7.5155","110.97K","0.37%"
"05/03/2019","7.5417","7.5283","7.5478","7.4987","104.41K","0.21%"
"05/02/2019","7.5256","7.5448","7.5566","7.5226","103.78K","-0.13%"
"05/01/2019","7.5357","7.5542","7.5879","7.5347","79.68K","-0.22%"
"04/30/2019","7.5523","7.5322","7.5638","7.5272","107.78K","0.29%"
"04/29/2019","7.5304","7.5054","7.5360","7.4973","86.88K","0.40%"
"04/26/2019","7.5006","7.5057","7.5237","7.4843","121.59K","-0.04%"
"04/25/2019","7.5036","7.5020","7.5221","7.4906","130.35K","0.12%"
"04/24/2019","7.4949","7.5512","7.5549","7.4882","146.61K","-0.72%"
"04/23/2019","7.5494","7.5561","7.5672","7.5257","129.30K","-0.07%"
"04/22/2019","7.5548","7.5385","7.5608","7.5331","76.36K","0.22%"
"04/19/2019","7.5384","7.5414","7.5462","7.5280","93.26K","0.08%"
"04/18/2019","7.5325","7.5556","7.5698","7.5313","131.18K","-0.26%"
"04/17/2019","7.5523","7.5720","7.5845","7.5506","133.85K","-0.24%"
"04/16/2019","7.5702","7.5831","7.5913","7.5672","121.28K","-0.18%"
"04/15/2019","7.5838","7.5760","7.5938","7.5723","97.80K","0.11%"
"04/12/2019","7.5754","7.5620","7.5987","7.5607","133.47K","0.22%"
"04/11/2019","7.5587","7.5709","7.5830","7.5583","130.12K","-0.15%"
"04/10/2019","7.5702","7.5593","7.5822","7.5433","130.22K","0.16%"
"04/09/2019","7.5580","7.5704","7.5746","7.5578","139.13K","-0.04%"
"04/08/2019","7.5613","7.5374","7.5752","7.5314","106.76K","0.37%"
"04/05/2019","7.5338","7.5393","7.5565","7.5317","132.17K","-0.03%"
"04/04/2019","7.5361","7.5399","7.5568","7.5288","140.18K","-0.02%"
"04/03/2019","7.5378","7.5327","7.5510","7.5222","144.98K","0.09%"
"04/02/2019","7.5310","7.5280","7.5415","7.5152","148.79K","0.10%"
"04/01/2019","7.5235","7.5296","7.5508","7.5186","120.04K","-0.06%"
"03/29/2019","7.5280","7.5626","7.5730","7.5249","151.88K","-0.49%"
"03/28/2019","7.5649","7.5664","7.5838","7.5561","157.94K","0.04%"
"03/27/2019","7.5616","7.5676","7.5901","7.5529","165.29K","-0.02%"
"03/26/2019","7.5632","7.5904","7.6052","7.5632","147.98K","-0.32%"
"03/25/2019","7.5873","7.6023","7.6059","7.5786","118.97K","-0.14%"
"03/22/2019","7.5980","7.6204","7.6373","7.5722","166.68K","-0.21%"
"03/21/2019","7.6138","7.6409","7.6560","7.5980","155.36K","-0.29%"
"03/20/2019","7.6358","7.6188","7.6650","7.5940","145.52K","0.26%"
"03/19/2019","7.6159","7.6106","7.6291","7.6076","136.93K","0.09%"
"03/18/2019","7.6088","7.6020","7.6281","7.5982","100.63K","0.08%"
"03/15/2019","7.6024","7.6000","7.6176","7.5856","150.06K","0.08%"
"03/14/2019","7.5960","7.5972","7.6153","7.5905","174.24K","0.01%"
"03/13/2019","7.5950","7.5723","7.6062","7.5669","165.73K","0.34%"
"03/12/2019","7.5695","7.5670","7.5884","7.5486","170.24K","0.13%"
"03/11/2019","7.5597","7.5541","7.5721","7.5422","130.65K","0.10%"
"03/08/2019","7.5520","7.5164","7.5601","7.5107","142.10K","0.51%"
"03/07/2019","7.5134","7.5891","7.5962","7.5043","142.48K","-0.95%"
"03/06/2019","7.5855","7.5886","7.6026","7.5737","145.02K","0.05%"
"03/05/2019","7.5818","7.6054","7.6145","7.5722","149.60K","-0.25%"
"03/04/2019","7.6009","7.6313","7.6426","7.5850","116.34K","-0.33%"
"03/01/2019","7.6260","7.6196","7.6534","7.6043","162.81K","0.24%"
"02/28/2019","7.6079","7.6044","7.6371","7.5946","166.36K","0.14%"
"02/27/2019","7.5970","7.6326","7.6406","7.5968","158.39K","-0.46%"
"02/26/2019","7.6324","7.6036","7.6410","7.5930","148.80K","0.53%"
"02/25/2019","7.5921","7.6123","7.6210","7.5716","138.34K","-0.25%"
"02/22/2019","7.6112","7.6175","7.6349","7.6022","159.71K","-0.06%"
"02/21/2019","7.6159","7.6199","7.6380","7.5903","167.98K","0.01%"
"02/20/2019","7.6149","7.6650","7.6782","7.6134","153.81K","-0.61%"
"02/19/2019","7.6613","7.6531","7.6768","7.6272","139.65K","0.14%"
"02/18/2019","7.6504","7.6444","7.6690","7.6381","110.60K","0.10%"
"02/15/2019","7.6431","7.6499","7.6627","7.6048","160.70K","-0.05%"
"02/14/2019","7.6473","7.6173","7.6623","7.6034","159.81K","0.47%"
"02/13/2019","7.6115","7.6723","7.6827","7.6112","159.63K","-0.75%"
"02/12/2019","7.6693","7.6622","7.6834","7.6318","150.40K","0.17%"
"02/11/2019","7.6565","7.6402","7.6878","7.6307","123.96K","0.24%"
"02/08/2019","7.6380","7.6486","7.6581","7.6341","154.67K","-0.14%"
"02/07/2019","7.6488","7.6631","7.6729","7.6368","158.35K","-0.14%"
"02/06/2019","7.6596","7.6932","7.7022","7.6611","173.89K","-0.46%"
"02/05/2019","7.6947","7.7157","7.7259","7.6884","171.17K","-0.22%"
"02/04/2019","7.7115","7.7262","7.7333","7.7026","121.20K","-0.15%"
"02/01/2019","7.7230","7.6698","7.7495","7.6650","172.31K","0.77%"
"01/31/2019","7.6640","7.7106","7.7230","7.6614","180.04K","-0.50%"
"01/30/2019","7.7028","7.6974","7.7267","7.6578","185.40K","0.13%"
"01/29/2019","7.6928","7.7099","7.7197","7.6819","184.59K","-0.15%"
"01/28/2019","7.7047","7.6963","7.7211","7.6728","166.07K","0.16%"
"01/25/2019","7.6924","7.6741","7.7061","7.6492","173.84K","0.31%"
"01/24/2019","7.6687","7.7300","7.7419","7.6629","159.88K","-0.75%"
"01/23/2019","7.7267","7.7336","7.7458","7.6987","144.15K","-0.06%"
"01/22/2019","7.7316","7.7259","7.7452","7.7158","161.44K","0.16%"
"01/21/2019","7.7196","7.7070","7.7384","7.7005","136.99K","0.27%"
"01/18/2019","7.6988","7.7234","7.7371","7.6951","161.04K","-0.24%"
"01/17/2019","7.7170","7.6990","7.7288","7.6885","182.98K","0.27%"
"01/16/2019","7.6966","7.7180","7.7311","7.6905","","-0.22%"
"01/15/2019","7.7133","7.7640","7.7748","7.6941","","-0.66%"
"01/14/2019","7.7642","7.7569","7.7708","7.7264","","0.17%"
"01/11/2019","7.7512","7.8061","7.8190","7.7478","159.88K","-0.68%"
"01/10/2019","7.8043","7.8683","7.8827","7.7959","","-0.73%"
"01/09/2019","7.8614","7.8418","7.8768","7.8131","","0.29%"
"01/08/2019","7.8386","7.8619","7.8691","7.8275","6.64K","-0.27%"
"01/07/2019","7.8598","7.8254","7.8681","7.8128","5.20K","0.47%"
"01/04/2019","7.8228","7.8293","7.8448","7.7949","149.63K","-0.06%"
"01/03/2019","7.8272","7.7846","7.8428","7.7599","9.25K","0.60%"
"01/02/2019","7.7803","7.8862","7.8907","7.7712","9.01K","-1.27%"
"01/01/2019","7.8807","7.8869","7.9433","7.8584","3.38K","-0.06%"
"12/31/2018","7.8855","7.8711","7.8900","7.8559","","0.24%"
"12/28/2018","7.8669","7.8486","7.8916","7.8428","","0.27%"
"12/27/2018","7.8459","7.8170","7.8660","7.8013","","0.40%"
"12/26/2018","7.8145","7.8252","7.8677","7.8094","","-0.11%"
"12/25/2018","7.8231","7.8646","7.8774","7.8196","","-0.50%"
"12/24/2018","7.8628","7.8531","7.8921","7.8399","","0.14%"
"12/21/2018","7.8521","7.8807","7.9212","7.8410","","-0.32%"
"12/20/2018","7.8774","7.8413","7.9121","7.8368","","0.48%"
"12/19/2018","7.8394","7.8336","7.8859","7.8318","","0.09%"
"12/18/2018","7.8322","7.8266","7.8649","7.8180","","0.10%"
"12/17/2018","7.8244","7.8109","7.8346","7.7970","","0.21%"
"12/14/2018","7.8082","7.8189","7.8342","7.7775","","-0.10%"
"12/13/2018","7.8161","7.8222","7.8397","7.7968","","-0.03%"
"12/12/2018","7.8187","7.8080","7.8360","7.7892","","0.18%"
"12/11/2018","7.8044","7.8487","7.8701","7.7998","","-0.50%"
"12/10/2018","7.8437","7.8397","7.9033","7.8246","","0.31%"
"12/07/2018","7.8191","7.8305","7.8563","7.8116","","-0.10%"
"12/06/2018","7.8271","7.7786","7.8557","7.7759","","0.66%"
"12/05/2018","7.7759","7.7552","7.7918","7.7483","","0.30%"
"12/04/2018","7.7528","7.8150","7.8273","7.7381","","-0.73%"
"12/03/2018","7.8099","7.8751","7.9138","7.7986","","-0.77%"
"11/30/2018","7.8705","7.9103","7.9158","7.8678","","-0.47%"
"11/29/2018","7.9075","7.9042","7.9162","7.8814","","0.05%"
"11/28/2018","7.9032","7.8493","7.9191","7.8355","","0.74%"
"11/27/2018","7.8449","7.8625","7.8831","7.8389","","-0.19%"
"11/26/2018","7.8599","7.8810","7.8981","7.8587","","-0.24%"
"11/23/2018","7.8787","7.9049","7.9278","7.8696","","-0.34%"
"11/22/2018","7.9054","7.8861","7.9291","7.8826","","0.29%"
"11/21/2018","7.8825","7.8974","7.9238","7.8819","","-0.17%"
"11/20/2018","7.8962","7.9507","7.9611","7.8881","","-0.64%"
"11/19/2018","7.9468","7.9142","7.9601","7.9087","","0.33%"
"11/16/2018","7.9203","7.8615","7.9250","7.8549","","0.79%"
"11/15/2018","7.8580","7.8604","7.8851","7.8214","","-0.01%"
"11/14/2018","7.8591","7.8534","7.8887","7.8313","","0.10%"
"11/13/2018","7.8510","7.8118","7.8579","7.8045","","0.54%"
"11/12/2018","7.8091","7.8827","7.8860","7.8093","","-0.94%"
"11/09/2018","7.8831","7.8797","7.9046","7.8686","","0.08%"
"11/08/2018","7.8766","7.9068","7.9392","7.8714","","-0.33%"
"11/07/2018","7.9024","7.9072","7.9526","7.8871","","-0.01%"
"11/06/2018","7.9029","7.9002","7.9111","7.8790","","0.06%"
"11/05/2018","7.8985","7.8496","7.9127","7.8447","","0.70%"
"11/02/2018","7.8436","7.8982","7.9077","7.8358","","-0.64%"
"11/01/2018","7.8942","7.8906","7.9214","7.8840","","0.09%"
"10/31/2018","7.8873","7.9040","7.9224","7.8832","","-0.19%"
"10/30/2018","7.9026","7.9178","7.9343","7.8991","","-0.16%"
"10/29/2018","7.9155","7.9205","7.9437","7.9043","","-0.03%"
"10/26/2018","7.9179","7.9051","7.9305","7.8715","","0.20%"
"10/25/2018","7.9023","7.9106","7.9406","7.8902","","-0.07%"
"10/24/2018","7.9076","7.9589","7.9629","7.9004","","-0.62%"
"10/23/2018","7.9571","7.9653","7.9758","7.9396","","-0.04%"
"10/22/2018","7.9606","7.9740","8.0084","7.9580","","-0.21%"
"10/19/2018","7.9775","7.9450","7.9938","7.9270","","0.42%"
"10/18/2018","7.9439","7.9674","7.9977","7.9425","","-0.26%"
"10/17/2018","7.9646","8.0003","8.0179","7.9628","","-0.41%"
"10/16/2018","7.9972","8.0097","8.0312","7.9969","","-0.08%"
"10/15/2018","8.0033","8.0017","8.0313","7.9829","","0.06%"
"10/12/2018","7.9988","7.9872","8.0299","7.9781","","0.17%"
"10/11/2018","7.9853","7.9768","8.0218","7.9568","","0.15%"
"10/10/2018","7.9732","7.9549","7.9948","7.9433","","0.26%"
"10/09/2018","7.9523","7.9641","7.9694","7.9154","","-0.11%"
"10/08/2018","7.9613","7.9130","7.9704","7.9098","","0.60%"
"10/05/2018","7.9140","7.9095","7.9339","7.8879","","0.08%"
"10/04/2018","7.9078","7.8841","7.9284","7.8738","","0.33%"
"10/03/2018","7.8817","7.9322","7.9641","7.8745","","-0.61%"
"10/02/2018","7.9298","7.9531","7.9552","7.9026","","-0.26%"
"10/01/2018","7.9504","7.9730","7.9875","7.9421","","-0.28%"
"09/28/2018","7.9724","8.0209","8.0262","7.9563","","-0.56%"
"09/27/2018","8.0176","8.0755","8.0879","8.0182","","-0.67%"
"09/26/2018","8.0714","8.0795","8.1161","8.0635","","-0.09%"
"09/25/2018","8.0787","8.0557","8.1065","8.0513","","0.32%"
"09/24/2018","8.0529","8.0571","8.1024","8.0383","","-0.03%"
"09/21/2018","8.0550","8.0635","8.0697","8.0443","","-0.07%"
"09/20/2018","8.0606","7.9934","8.0696","7.9893","","0.87%"
"09/19/2018","7.9914","8.0054","8.0280","7.9831","","-0.13%"
"09/18/2018","8.0018","8.0117","8.0487","7.9941","","-0.07%"
"09/17/2018","8.0075","7.9853","8.0261","7.9801","","0.28%"
"09/14/2018","7.9853","8.0015","8.0308","7.9801","","-0.13%"
"09/13/2018","7.9954","7.9769","8.0050","7.9488","","0.31%"
"09/12/2018","7.9710","7.9751","7.9930","7.9472","","-0.03%"
"09/11/2018","7.9731","7.9483","7.9866","7.9384","","0.34%"
"09/10/2018","7.9457","7.9104","7.9706","7.9022","","0.54%"
"09/07/2018","7.9031","7.9456","7.9702","7.9042","","-0.46%"
"09/06/2018","7.9397","7.9435","7.9651","7.9243","","0.01%"
"09/05/2018","7.9391","7.9267","7.9500","7.8949","","0.18%"
"09/04/2018","7.9245","7.9308","7.9345","7.8911","","-0.03%"
"09/03/2018","7.9269","7.9218","7.9398","7.9108","","0.04%"
"08/31/2018","7.9235","7.9882","7.9934","7.9136","","-0.76%"
"08/30/2018","7.9840","7.9860","8.0069","7.9582","","0.02%"
"08/29/2018","7.9823","7.9558","7.9889","7.9464","","0.36%"
"08/28/2018","7.9533","7.9593","7.9804","7.9467","","-0.05%"
"08/27/2018","7.9573","7.9169","7.9706","7.9022","","0.66%"
"08/24/2018","7.9051","7.9363","7.9734","7.9064","","-0.35%"
"08/23/2018","7.9328","7.9337","7.9719","7.9101","","0.01%"
"08/22/2018","7.9317","7.9229","7.9514","7.9081","","0.17%"
"08/21/2018","7.9183","7.8741","7.9438","7.8667","","0.63%"
"08/20/2018","7.8691","7.8693","7.8768","7.8140","","0.10%"
"08/17/2018","7.8611","7.8299","7.8724","7.8169","","0.46%"
"08/16/2018","7.8251","7.8675","7.8769","7.8089","","-0.50%"
"08/15/2018","7.8641","7.8095","7.8755","7.8019","","0.77%"
"08/14/2018","7.8043","7.8629","7.8695","7.7995","","-0.68%"
"08/13/2018","7.8578","7.7979","7.8737","7.7825","","0.60%"
"08/10/2018","7.8111","7.8629","7.8895","7.7959","","-0.63%"
"08/09/2018","7.8606","7.9363","7.9411","7.8613","","-0.93%"
"08/08/2018","7.9347","7.9238","7.9439","7.8904","","0.21%"
"08/07/2018","7.9184","7.9182","7.9339","7.9041","","0.06%"
"08/06/2018","7.9138","7.9081","7.9304","7.8654","","0.16%"
"08/03/2018","7.9013","7.9274","7.9775","7.8992","","-0.23%"
"08/02/2018","7.9198","7.9552","7.9625","7.9229","","-0.32%"
"08/01/2018","7.9454","7.9648","7.9810","7.9349","","-0.11%"
"07/31/2018","7.9543","7.9783","8.0246","7.9593","","-0.21%"
"07/30/2018","7.9707","7.9441","7.9887","7.9392","","0.41%"
"07/27/2018","7.9381","7.9088","7.9560","7.9044","","0.48%"
"07/26/2018","7.9002","7.9402","7.9641","7.9021","","-0.44%"
"07/25/2018","7.9349","7.9365","7.9513","7.8926","","0.00%"
"07/24/2018","7.9348","7.9424","7.9844","7.9273","","-0.07%"
"07/23/2018","7.9407","7.9402","7.9636","7.9208","","0.16%"
"07/20/2018","7.9283","7.8889","7.9487","7.8784","","0.60%"
"07/19/2018","7.8811","7.8210","7.9126","7.8180","","0.85%"
"07/18/2018","7.8149","7.8205","7.8371","7.7947","","0.02%"
"07/17/2018","7.8136","7.8360","7.8462","7.8089","","-0.20%"
"07/16/2018","7.8293","7.8139","7.8417","7.8057","","0.15%"
"07/13/2018","7.8173","7.7816","7.8222","7.7581","","0.53%"
"07/12/2018","7.7764","7.7997","7.8267","7.7677","","-0.21%"
"07/11/2018","7.7927","7.7864","7.8497","7.7715","","0.11%"
"07/10/2018","7.7845","7.7746","7.7904","7.7509","","0.20%"
"07/09/2018","7.7688","7.8039","7.8128","7.7611","","-0.38%"
"07/06/2018","7.7982","7.7587","7.8167","7.7534","","0.56%"
"07/05/2018","7.7546","7.7308","7.7790","7.7282","","0.37%"
"07/04/2018","7.7261","7.7432","7.7558","7.7000","","-0.12%"
"07/03/2018","7.7352","7.7609","7.8136","7.7315","","-0.26%"
"07/02/2018","7.7553","7.7138","7.7676","7.7012","","0.32%"
"06/29/2018","7.7308","7.6669","7.7410","7.6592","","0.91%"
"06/28/2018","7.6614","7.6311","7.6847","7.6247","","0.50%"
"06/27/2018","7.6234","7.6629","7.7087","7.6218","","-0.46%"
"06/26/2018","7.6583","7.6544","7.6858","7.6462","","0.13%"
"06/25/2018","7.6484","7.5835","7.6610","7.5740","","0.92%"
"06/22/2018","7.5789","7.5345","7.5911","7.5319","","0.66%"
"06/21/2018","7.5290","7.4911","7.5541","7.4818","","0.56%"
"06/20/2018","7.4873","7.5163","7.5212","7.4623","","-0.29%"
"06/19/2018","7.5093","7.4841","7.5196","7.4664","","0.36%"
"06/18/2018","7.4821","7.4755","7.4861","7.4465","","0.13%"
"06/15/2018","7.4725","7.4056","7.4880","7.3969","","0.97%"
"06/14/2018","7.4006","7.5443","7.5746","7.4014","","-1.83%"
"06/13/2018","7.5384","7.5197","7.5513","7.5021","","0.32%"
"06/12/2018","7.5146","7.5439","7.5615","7.5121","","-0.34%"
"06/11/2018","7.5405","7.5374","7.5679","7.5297","","0.09%"
"06/08/2018","7.5339","7.5427","7.5621","7.5184","","-0.04%"
"06/07/2018","7.5371","7.5214","7.5697","7.5201","","0.27%"
"06/06/2018","7.5171","7.5067","7.5369","7.4866","","0.18%"
"06/05/2018","7.5038","7.4991","7.5163","7.4658","","0.15%"
"06/04/2018","7.4926","7.4833","7.5220","7.4806","","0.12%"
"06/01/2018","7.4834","7.4956","7.5186","7.4588","","-0.13%"
"05/31/2018","7.4928","7.4878","7.5084","7.4619","","0.13%"
"05/30/2018","7.4834","7.4056","7.4958","7.3998","","1.09%"
"05/29/2018","7.4030","7.4392","7.4624","7.3912","","-0.44%"
"05/28/2018","7.4358","7.4477","7.4950","7.4288","","-0.12%"
"05/25/2018","7.4447","7.4754","7.4961","7.4427","","-0.36%"
"05/24/2018","7.4717","7.4726","7.4981","7.4683","","0.02%"
"05/23/2018","7.4702","7.5003","7.5088","7.4586","","-0.37%"
"05/22/2018","7.4979","7.5271","7.5332","7.4935","","-0.34%"
"05/21/2018","7.5238","7.5045","7.5303","7.4868","","0.20%"
"05/18/2018","7.5087","7.5101","7.5315","7.4954","","0.05%"
"05/17/2018","7.5050","7.5232","7.5325","7.5001","","-0.22%"
"05/16/2018","7.5218","7.5500","7.5548","7.5003","","-0.34%"
"05/15/2018","7.5473","7.5609","7.5866","7.5376","","-0.11%"
"05/14/2018","7.5557","7.5667","7.6039","7.5594","","-0.10%"
"05/11/2018","7.5632","7.5654","7.5784","7.5448","","0.07%"
"05/10/2018","7.5576","7.5397","7.5796","7.5346","","0.30%"
"05/09/2018","7.5348","7.5582","7.5741","7.5330","","-0.27%"
"05/08/2018","7.5555","7.5905","7.6019","7.5389","","-0.41%"
"05/07/2018","7.5865","7.6054","7.6210","7.5744","","-0.23%"
"05/04/2018","7.6040","7.6175","7.6289","7.5807","","-0.13%"
"05/03/2018","7.6141","7.6038","7.6330","7.5915","","0.17%"
"05/02/2018","7.6008","7.5955","7.6546","7.5917","","0.08%"
"05/01/2018","7.5946","7.6490","7.6553","7.5879","","-0.70%"
"04/30/2018","7.6478","7.6791","7.6886","7.6402","","-0.42%"
"04/27/2018","7.6801","7.6701","7.6848","7.6420","","0.20%"
"04/26/2018","7.6648","7.6938","7.7219","7.6634","","-0.31%"
"04/25/2018","7.6889","7.7141","7.7201","7.6916","","-0.27%"
"04/24/2018","7.7098","7.7125","7.7229","7.6881","","0.00%"
"04/23/2018","7.7097","7.7378","7.7409","7.7052","","-0.31%"
"04/20/2018","7.7334","7.7519","7.7639","7.7129","","-0.18%"
"04/19/2018","7.7477","7.7633","7.7788","7.7412","","-0.16%"
"04/18/2018","7.7600","7.7712","7.7869","7.7600","","-0.11%"
"04/17/2018","7.7689","7.7703","7.7962","7.7502","","0.02%"
"04/16/2018","7.7674","7.7368","7.7867","7.7336","","0.44%"
"04/13/2018","7.7334","7.7555","7.7638","7.7288","","-0.21%"
"04/12/2018","7.7495","7.7529","7.7739","7.7360","","0.03%"
"04/11/2018","7.7473","7.7636","7.7901","7.7401","","-0.14%"
"04/10/2018","7.7581","7.7706","7.7888","7.7426","","-0.10%"
"04/09/2018","7.7659","7.7422","7.7782","7.7248","","0.30%"
"04/06/2018","7.7426","7.7175","7.7500","7.7012","","0.35%"
"04/05/2018","7.7154","7.7412","7.7497","7.7034","","-0.32%"
"04/04/2018","7.7400","7.7181","7.7619","7.7137","","0.32%"
"04/03/2018","7.7155","7.7265","7.7530","7.7069","","-0.09%"
"04/02/2018","7.7226","7.7331","7.7564","7.7134","","-0.08%"
"03/30/2018","7.7285","7.7362","7.7433","7.7094","","-0.06%"
"03/29/2018","7.7331","7.7518","7.7712","7.7258","","-0.17%"
"03/28/2018","7.7461","7.7930","7.8065","7.7458","","-0.51%"
"03/27/2018","7.7855","7.8067","7.8164","7.7680","","-0.18%"
"03/26/2018","7.7993","7.7987","7.8200","7.7747","","0.06%"
"03/23/2018","7.7947","7.7930","7.8192","7.7844","","0.10%"
"03/22/2018","7.7871","7.8016","7.8255","7.7823","","-0.12%"
"03/21/2018","7.7964","7.7538","7.8095","7.7463","","0.58%"
"03/20/2018","7.7513","7.8108","7.8212","7.7519","","-0.70%"
"03/19/2018","7.8057","7.7819","7.8266","7.7612","","0.35%"
"03/16/2018","7.7783","7.7790","7.8020","7.7635","","0.02%"
"03/15/2018","7.7764","7.8135","7.8263","7.7759","","-0.40%"
"03/14/2018","7.8073","7.8326","7.8413","7.7982","","-0.25%"
"03/13/2018","7.8267","7.8084","7.8439","7.7954","","0.30%"
"03/12/2018","7.8031","7.7957","7.8151","7.7771","","0.20%"
"03/09/2018","7.7872","7.8083","7.8176","7.7758","","-0.21%"
"03/08/2018","7.8032","7.8521","7.8866","7.7994","","-0.54%"
"03/07/2018","7.8456","7.8266","7.8647","7.8263","","0.27%"
"03/06/2018","7.8248","7.8328","7.8624","7.8162","","-0.09%"
"03/05/2018","7.8316","7.8201","7.8471","7.7744","","0.25%"
"03/02/2018","7.8124","7.7996","7.8284","7.7747","","0.19%"
"03/01/2018","7.7975","7.7204","7.8038","7.7103","","1.07%"
"02/28/2018","7.7151","7.7275","7.7488","7.7111","","-0.14%"
"02/27/2018","7.7262","7.7795","7.7935","7.7196","","-0.60%"
"02/26/2018","7.7732","7.7936","7.7961","7.7536","","-0.15%"
"02/23/2018","7.7850","7.8293","7.8350","7.7841","","-0.52%"
"02/22/2018","7.8253","7.7974","7.8445","7.7840","","0.43%"
"02/21/2018","7.7915","7.8323","7.8467","7.7959","","-0.44%"
"02/20/2018","7.8257","7.8765","7.8800","7.8203","","-0.57%"
"02/19/2018","7.8708","7.8778","7.8946","7.8517","","0.03%"
"02/16/2018","7.8688","7.9390","7.9707","7.8673","","-0.81%"
"02/15/2018","7.9329","7.9035","7.9425","7.9019","","0.46%"
"02/14/2018","7.8968","7.8324","7.9136","7.7792","","0.89%"
"02/13/2018","7.8274","7.7781","7.8488","7.7698","","0.69%"
"02/12/2018","7.7741","7.7162","7.7816","7.7090","","0.93%"
"02/09/2018","7.7026","7.7475","7.7632","7.6853","","-0.50%"
"02/08/2018","7.7415","7.6889","7.7870","7.6813","","0.76%"
"02/07/2018","7.6833","7.7765","7.7878","7.6776","","-1.19%"
"02/06/2018","7.7758","7.7792","7.8107","7.7371","","0.04%"
"02/05/2018","7.7727","7.8498","7.8578","7.7760","","-0.96%"
"02/02/2018","7.8478","7.8803","7.8847","7.8195","","-0.36%"
"02/01/2018","7.8762","7.8069","7.8892","7.7972","","0.91%"
"01/31/2018","7.8049","7.8430","7.8677","7.7897","","-0.41%"
"01/30/2018","7.8367","7.8474","7.8738","7.8172","","-0.05%"
"01/29/2018","7.8406","7.8541","7.8639","7.8182","","-0.10%"
"01/26/2018","7.8487","7.8384","7.8998","7.8225","","0.21%"
"01/25/2018","7.8323","7.9039","7.9269","7.8184","","-0.81%"
"01/24/2018","7.8964","7.8772","7.9090","7.8538","","0.33%"
"01/23/2018","7.8701","7.8544","7.8823","7.8265","","0.25%"
"01/22/2018","7.8507","7.8555","7.8609","7.8244","","0.40%"
"01/19/2018","7.8196","7.8565","7.8710","7.8243","","-0.43%"
"01/18/2018","7.8531","7.8406","7.8736","7.8271","","0.18%"
"01/17/2018","7.8386","7.9004","7.9413","7.8348","","-0.70%"
"01/16/2018","7.8942","7.8941","7.9145","7.8561","","0.05%"
"01/15/2018","7.8900","7.8805","7.9137","7.8336","","0.22%"
"01/12/2018","7.8724","7.8162","7.8753","7.7981","","0.74%"
"01/11/2018","7.8149","7.7753","7.8378","7.7621","","0.57%"
"01/10/2018","7.7708","7.7945","7.8192","7.7707","","-0.23%"
"01/09/2018","7.7891","7.7783","7.7964","7.7710","","0.20%"
"01/08/2018","7.7737","7.8053","7.8209","7.7698","","-0.38%"
"01/05/2018","7.8032","7.8359","7.8446","7.7990","","-0.38%"
"01/04/2018","7.8333","7.8127","7.8507","7.8045","","0.30%"
"01/03/2018","7.8097","7.8297","7.8478","7.8029","","-0.21%"
"01/02/2018","7.8262","7.8158","7.8462","7.8030","","0.17%"
"01/01/2018","7.8128","7.8093","7.8168","7.8044","","0.10%"
"12/29/2017","7.8050","7.8028","7.8272","7.7747","","0.06%"
"12/28/2017","7.8001","7.7944","7.8139","7.7916","","0.10%"
"12/27/2017","7.7925","7.7617","7.8098","7.7586","","0.44%"
"12/26/2017","7.7586","7.7611","7.7856","7.7518","","-0.01%"
"12/25/2017","7.7593","7.7928","7.7991","7.7542","","-0.47%"
"12/22/2017","7.7960","7.8185","7.8207","7.7790","","-0.26%"
"12/21/2017","7.8164","7.8094","7.8303","7.7815","","0.11%"
"12/20/2017","7.8077","7.8199","7.8301","7.7833","","-0.12%"
"12/19/2017","7.8172","7.7952","7.8265","7.7868","","0.31%"
"12/18/2017","7.7931","7.7693","7.8305","7.7578","","0.34%"
"12/15/2017","7.7667","7.7848","7.8065","7.7660","","-0.22%"
"12/14/2017","7.7835","7.8260","7.8390","7.7794","","-0.53%"
"12/13/2017","7.8247","7.7750","7.8300","7.7627","","0.66%"
"12/12/2017","7.7731","7.7895","7.8075","7.7585","","-0.18%"
"12/11/2017","7.7868","7.7925","7.8186","7.7859","","-0.01%"
"12/08/2017","7.7877","7.7929","7.7966","7.7604","","-0.02%"
"12/07/2017","7.7892","7.8029","7.8207","7.7905","","-0.14%"
"12/06/2017","7.8001","7.8278","7.8387","7.7923","","-0.30%"
"12/05/2017","7.8239","7.8550","7.8617","7.8106","","-0.36%"
"12/04/2017","7.8522","7.8621","7.8681","7.8305","","-0.14%"
"12/01/2017","7.8630","7.8718","7.8985","7.8354","","-0.04%"
"11/30/2017","7.8660","7.8301","7.8907","7.8124","","0.46%"
"11/29/2017","7.8298","7.8241","7.8433","7.8028","","0.13%"
"11/28/2017","7.8196","7.8491","7.8670","7.8146","","-0.35%"
"11/27/2017","7.8474","7.8778","7.8950","7.8471","","-0.33%"
"11/24/2017","7.8736","7.8025","7.8864","7.7879","","0.99%"
"11/23/2017","7.7961","7.8146","7.8159","7.7833","","-0.20%"
"11/22/2017","7.8114","7.7819","7.8186","7.7643","","0.44%"
"11/21/2017","7.7775","7.7846","7.8013","7.7670","","-0.01%"
"11/20/2017","7.7783","7.8136","7.8272","7.7676","","-0.44%"
"11/17/2017","7.8123","7.8048","7.8370","7.8011","","0.16%"
"11/16/2017","7.7997","7.8101","7.8274","7.7928","","-0.07%"
"11/15/2017","7.8050","7.8291","7.8529","7.8078","","-0.28%"
"11/14/2017","7.8266","7.7478","7.8348","7.7422","","1.07%"
"11/13/2017","7.7438","7.7480","7.7532","7.7273","","0.00%"
"11/10/2017","7.7441","7.7307","7.7566","7.7206","","0.22%"
"11/09/2017","7.7271","7.6849","7.7400","7.6768","","0.60%"
"11/08/2017","7.6809","7.6938","7.7071","7.6728","","-0.12%"
"11/07/2017","7.6901","7.7019","7.7065","7.6659","","-0.10%"
"11/06/2017","7.6980","7.7079","7.7169","7.6816","","-0.06%"
"11/03/2017","7.7024","7.7050","7.7440","7.6986","","0.02%"
"11/02/2017","7.7009","7.6719","7.7235","7.6676","","0.41%"
"11/01/2017","7.6693","7.7270","7.7337","7.6660","","-0.70%"
"10/31/2017","7.7232","7.7435","7.7459","7.7032","","-0.21%"
"10/30/2017","7.7396","7.7176","7.7492","7.7099","","0.27%"
"10/27/2017","7.7191","7.7386","7.7495","7.6976","","-0.20%"
"10/26/2017","7.7347","7.8427","7.8547","7.7320","","-1.31%"
"10/25/2017","7.8373","7.8044","7.8488","7.7972","","0.47%"
"10/24/2017","7.8003","7.8014","7.8260","7.7909","","0.03%"
"10/23/2017","7.7977","7.7943","7.8140","7.7798","","-0.03%"
"10/20/2017","7.7999","7.8409","7.8446","7.7870","","-0.46%"
"10/19/2017","7.8359","7.8121","7.8466","7.7994","","0.35%"
"10/18/2017","7.8089","7.7936","7.8244","7.7679","","0.24%"
"10/17/2017","7.7901","7.7737","7.7995","7.7625","","0.24%"
"10/16/2017","7.7711","7.7804","7.7889","7.7537","","-0.08%"
"10/13/2017","7.7771","7.7940","7.8178","7.7709","","-0.17%"
"10/12/2017","7.7906","7.8164","7.8342","7.7910","","-0.25%"
"10/11/2017","7.8102","7.7596","7.8230","7.7583","","0.67%"
"10/10/2017","7.7580","7.7784","7.7986","7.7370","","-0.22%"
"10/09/2017","7.7753","7.8038","7.8158","7.7666","","-0.40%"
"10/06/2017","7.8063","7.7918","7.8108","7.7635","","0.20%"
"10/05/2017","7.7910","7.8244","7.8377","7.7835","","-0.42%"
"10/04/2017","7.8236","7.8138","7.8437","7.8074","","0.14%"
"10/03/2017","7.8123","7.8058","7.8337","7.7815","","0.09%"
"10/02/2017","7.8050","7.8627","7.8627","7.8041","","-0.69%"
"09/29/2017","7.8589","7.8546","7.8757","7.8319","","0.15%"
"09/28/2017","7.8471","7.8013","7.8666","7.7960","","0.63%"
"09/27/2017","7.7980","7.8303","7.8330","7.7805","","-0.36%"
"09/26/2017","7.8258","7.8445","7.8589","7.8011","","-0.19%"
"09/25/2017","7.8407","7.8783","7.8870","7.8342","","-0.40%"
"09/22/2017","7.8723","7.8694","7.9135","7.8566","","0.11%"
"09/21/2017","7.8638","7.8195","7.8780","7.8011","","0.66%"
"09/20/2017","7.8124","7.8966","7.9116","7.7988","","-0.99%"
"09/19/2017","7.8907","7.8594","7.9101","7.8558","","0.45%"
"09/18/2017","7.8555","7.8297","7.8647","7.8103","","0.44%"
"09/15/2017","7.8214","7.8141","7.8506","7.7889","","0.16%"
"09/14/2017","7.8087","7.7761","7.8164","7.7606","","0.46%"
"09/13/2017","7.7728","7.8209","7.8325","7.7682","","-0.57%"
"09/12/2017","7.8172","7.8046","7.8295","7.7961","","0.24%"
"09/11/2017","7.7985","7.8042","7.8490","7.7787","","0.06%"
"09/08/2017","7.7941","7.7991","7.8080","7.7627","","0.01%"
"09/07/2017","7.7932","7.7744","7.8282","7.7451","","0.28%"
"09/06/2017","7.7711","7.7903","7.8083","7.7684","","-0.16%"
"09/05/2017","7.7839","7.7689","7.8089","7.7535","","0.26%"
"09/04/2017","7.7637","7.7785","7.7991","7.7596","","-0.11%"
"09/01/2017","7.7725","7.8486","7.8575","7.7713","","-0.94%"
"08/31/2017","7.8459","7.8358","7.8544","7.8043","","0.17%"
"08/30/2017","7.8324","7.8986","7.9038","7.8341","","-0.79%"
"08/29/2017","7.8949","7.9162","7.9648","7.8802","","-0.25%"
"08/28/2017","7.9149","7.9302","7.9564","7.8924","","-0.12%"
"08/25/2017","7.9246","7.8605","7.9411","7.8448","","0.86%"
"08/24/2017","7.8568","7.8621","7.8723","7.8499","","-0.02%"
"08/23/2017","7.8585","7.8367","7.8738","7.8250","","0.34%"
"08/22/2017","7.8322","7.8758","7.8824","7.8255","","-0.50%"
"08/21/2017","7.8717","7.8421","7.8849","7.8266","","0.35%"
"08/18/2017","7.8439","7.8257","7.8593","7.8150","","0.27%"
"08/17/2017","7.8228","7.8760","7.8864","7.7881","","-0.61%"
"08/16/2017","7.8708","7.8451","7.8823","7.8193","","0.36%"
"08/15/2017","7.8429","7.8586","7.8712","7.8133","","-0.16%"
"08/14/2017","7.8553","7.8690","7.8867","7.8526","","-0.23%"
"08/11/2017","7.8735","7.8261","7.8957","7.8188","","0.65%"
"08/10/2017","7.8223","7.8479","7.8555","7.7891","","-0.28%"
"08/09/2017","7.8443","7.8801","7.8902","7.8016","","-0.44%"
"08/08/2017","7.8789","7.9285","7.9389","7.8566","","-0.59%"
"08/07/2017","7.9257","7.9186","7.9377","7.9156","","0.11%"
"08/04/2017","7.9166","7.9734","7.9892","7.8927","","-0.66%"
"08/03/2017","7.9694","7.9692","7.9910","7.9544","","0.04%"
"08/02/2017","7.9659","7.9285","8.0057","7.9258","","0.49%"
"08/01/2017","7.9267","7.9656","7.9686","7.9172","","-0.43%"
"07/31/2017","7.9612","7.9080","7.9686","7.8811","","0.58%"
"07/28/2017","7.9150","7.8738","7.9265","7.8695","","0.57%"
"07/27/2017","7.8701","7.9250","7.9352","7.8553","","-0.66%"
"07/26/2017","7.9226","7.8667","7.9298","7.8450","","0.79%"
"07/25/2017","7.8605","7.8597","7.9039","7.8516","","0.08%"
"07/24/2017","7.8543","7.8903","7.9071","7.8486","","-0.45%"
"07/21/2017","7.8902","7.8620","7.9061","7.8539","","0.43%"
"07/20/2017","7.8564","7.7748","7.8825","7.7710","","1.07%"
"07/19/2017","7.7732","7.7947","7.8018","7.7710","","-0.24%"
"07/18/2017","7.7919","7.7713","7.8158","7.7659","","0.29%"
"07/17/2017","7.7695","7.7678","7.7764","7.7468","","0.02%"
"07/14/2017","7.7679","7.7325","7.7739","7.7271","","0.51%"
"07/13/2017","7.7287","7.7459","7.7642","7.7113","","-0.19%"
"07/12/2017","7.7434","7.7997","7.8093","7.7321","","-0.70%"
"07/11/2017","7.7980","7.7554","7.8100","7.7423","","0.58%"
"07/10/2017","7.7529","7.7537","7.7676","7.7441","","-0.05%"
"07/07/2017","7.7564","7.7694","7.7779","7.7407","","-0.11%"
"07/06/2017","7.7651","7.7218","7.7714","7.7056","","0.62%"
"07/05/2017","7.7174","7.7158","7.7296","7.6933","","0.08%"
"07/04/2017","7.7109","7.7284","7.7375","7.7065","","-0.17%"
"07/03/2017","7.7243","7.7441","7.7506","7.7174","","-0.25%"
"06/30/2017","7.7440","7.7650","7.7688","7.7239","","-0.22%"
"06/29/2017","7.7609","7.7365","7.7688","7.7162","","0.35%"
"06/28/2017","7.7339","7.7242","7.7445","7.6791","","0.17%"
"06/27/2017","7.7205","7.6497","7.7327","7.6267","","1.00%"
"06/26/2017","7.6437","7.6581","7.6752","7.6417","","-0.07%"
"06/23/2017","7.6492","7.6229","7.6638","7.6171","","0.41%"
"06/22/2017","7.6181","7.6276","7.6375","7.6134","","-0.07%"
"06/21/2017","7.6236","7.6037","7.6296","7.5983","","0.28%"
"06/20/2017","7.6022","7.6027","7.6289","7.5927","","0.03%"
"06/19/2017","7.6000","7.6277","7.6443","7.5986","","-0.33%"
"06/16/2017","7.6248","7.5877","7.6297","7.5849","","0.55%"
"06/15/2017","7.5834","7.6186","7.6280","7.5773","","-0.41%"
"06/14/2017","7.6143","7.6224","7.6716","7.6016","","-0.07%"
"06/13/2017","7.6200","7.6167","7.6302","7.6021","","0.09%"
"06/12/2017","7.6131","7.6104","7.6365","7.6061","","0.08%"
"06/09/2017","7.6072","7.6258","7.6428","7.5893","","-0.21%"
"06/08/2017","7.6230","7.6500","7.6575","7.6106","","-0.32%"
"06/07/2017","7.6472","7.6627","7.6680","7.6154","","-0.18%"
"06/06/2017","7.6608","7.6573","7.6685","7.6369","","0.08%"
"06/05/2017","7.6547","7.6829","7.6874","7.6426","","-0.33%"
"06/02/2017","7.6800","7.6332","7.6893","7.6278","","0.70%"
"06/01/2017","7.6267","7.6569","7.6616","7.6259","","-0.37%"
"05/31/2017","7.6549","7.6683","7.6727","7.6181","","-0.12%"
"05/30/2017","7.6638","7.6543","7.6823","7.6159","","0.20%"
"05/29/2017","7.6488","7.6642","7.6724","7.6512","","-0.18%"
"05/26/2017","7.6625","7.7003","7.7070","7.6519","","-0.45%"
"05/25/2017","7.6968","7.7295","7.7426","7.6891","","-0.39%"
"05/24/2017","7.7266","7.7051","7.7315","7.6947","","0.32%"
"05/23/2017","7.7022","7.7385","7.7632","7.6989","","-0.41%"
"05/22/2017","7.7342","7.7126","7.7575","7.6926","","0.29%"
"05/19/2017","7.7117","7.6492","7.7198","7.6443","","0.85%"
"05/18/2017","7.6464","7.6796","7.6919","7.6295","","-0.36%"
"05/17/2017","7.6737","7.6325","7.6827","7.6301","","0.59%"
"05/16/2017","7.6288","7.5655","7.6435","7.5638","","0.90%"
"05/15/2017","7.5604","7.5386","7.5766","7.5348","","0.31%"
"05/12/2017","7.5373","7.4988","7.5448","7.4938","","0.54%"
"05/11/2017","7.4966","7.5035","7.5199","7.4819","","-0.03%"
"05/10/2017","7.4987","7.5108","7.5288","7.4917","","-0.13%"
"05/09/2017","7.5082","7.5425","7.5521","7.5032","","-0.43%"
"05/08/2017","7.5405","7.5927","7.6106","7.5370","","-0.64%"
"05/05/2017","7.5889","7.5786","7.5944","7.5567","","0.19%"
"05/04/2017","7.5745","7.5098","7.5779","7.5004","","0.92%"
"05/03/2017","7.5051","7.5369","7.5425","7.5071","","-0.39%"
"05/02/2017","7.5347","7.5132","7.5404","7.5073","","0.35%"
"05/01/2017","7.5087","7.5187","7.5308","7.5026","","0.03%"
"04/28/2017","7.5067","7.5025","7.5493","7.4790","","0.13%"
"04/27/2017","7.4971","7.5154","7.5387","7.4821","","-0.23%"
"04/26/2017","7.5141","7.5222","7.5410","7.4827","","-0.07%"
"04/25/2017","7.5190","7.4820","7.5394","7.4722","","0.51%"
"04/24/2017","7.4808","7.5212","7.5308","7.4495","","1.31%"
"04/21/2017","7.3843","7.3761","7.3917","7.3552","","0.15%"
"04/20/2017","7.3733","7.3781","7.4191","7.3731","","-0.01%"
"04/19/2017","7.3742","7.3867","7.3929","7.3698","","-0.07%"
"04/18/2017","7.3792","7.3245","7.3895","7.3204","","0.80%"
"04/17/2017","7.3203","7.3085","7.3438","7.2999","","0.24%"
"04/14/2017","7.3027","7.3127","7.3238","7.3026","","-0.08%"
"04/13/2017","7.3086","7.3498","7.3563","7.3063","","-0.51%"
"04/12/2017","7.3464","7.3090","7.3577","7.2971","","0.58%"
"04/11/2017","7.3040","7.3145","7.3326","7.3013","","-0.05%"
"04/10/2017","7.3079","7.3093","7.3238","7.2951","","0.06%"
"04/07/2017","7.3034","7.3420","7.3591","7.3003","","-0.47%"
"04/06/2017","7.3382","7.3519","7.3699","7.3357","","-0.15%"
"04/05/2017","7.3489","7.3513","7.3697","7.3323","","0.04%"
"04/04/2017","7.3458","7.3493","7.3547","7.3248","","0.05%"
"04/03/2017","7.3423","7.3420","7.3568","7.3293","","0.15%"
"03/31/2017","7.3313","7.3541","7.3751","7.3351","","-0.26%"
"03/30/2017","7.3505","7.4178","7.4227","7.3517","","-0.88%"
"03/29/2017","7.4155","7.4396","7.4616","7.4001","","-0.28%"
"03/28/2017","7.4364","7.4660","7.4841","7.4289","","-0.34%"
"03/27/2017","7.4615","7.4320","7.4962","7.4313","","0.45%"
"03/24/2017","7.4280","7.4254","7.4475","7.4116","","0.08%"
"03/23/2017","7.4220","7.4317","7.4422","7.4149","","-0.05%"
"03/22/2017","7.4260","7.4448","7.4518","7.4209","","-0.18%"
"03/21/2017","7.4391","7.4194","7.4529","7.4049","","0.34%"
"03/20/2017","7.4139","7.4132","7.4416","7.4081","","0.08%"
"03/17/2017","7.4078","7.4264","7.4464","7.4072","","-0.19%"
"03/16/2017","7.4218","7.4226","7.4320","7.3835","","0.04%"
"03/15/2017","7.4192","7.3327","7.4275","7.3316","","1.23%"
"03/14/2017","7.3292","7.3664","7.3753","7.3292","","-0.46%"
"03/13/2017","7.3628","7.3749","7.3988","7.3647","","-0.06%"
"03/10/2017","7.3669","7.3101","7.3936","7.3060","","0.84%"
"03/09/2017","7.3058","7.2868","7.3360","7.2766","","0.30%"
"03/08/2017","7.2838","7.2935","7.3024","7.2801","","-0.07%"
"03/07/2017","7.2892","7.2991","7.3147","7.2842","","-0.07%"
"03/06/2017","7.2941","7.3224","7.3345","7.2929","","-0.39%"
"03/03/2017","7.3229","7.2389","7.3283","7.2351","","1.21%"
"03/02/2017","7.2353","7.2580","7.2628","7.2300","","-0.27%"
"03/01/2017","7.2550","7.2634","7.2793","7.2345","","-0.09%"
"02/28/2017","7.2613","7.2742","7.3011","7.2592","","-0.11%"
"02/27/2017","7.2692","7.2555","7.3048","7.2472","","0.28%"
"02/24/2017","7.2489","7.2657","7.2955","7.2510","","-0.16%"
"02/23/2017","7.2602","7.2615","7.2763","7.2464","","0.03%"
"02/22/2017","7.2581","7.2541","7.2732","7.2168","","0.11%"
"02/21/2017","7.2498","7.3008","7.3036","7.2462","","-0.62%"
"02/20/2017","7.2947","7.2895","7.3125","7.2802","","0.16%"
"02/17/2017","7.2834","7.3157","7.3322","7.2813","","-0.38%"
"02/16/2017","7.3114","7.2841","7.3204","7.2721","","0.44%"
"02/15/2017","7.2792","7.2640","7.2899","7.2296","","0.25%"
"02/14/2017","7.2610","7.2934","7.3045","7.2520","","-0.35%"
"02/13/2017","7.2868","7.3157","7.3302","7.2868","","-0.40%"
"02/10/2017","7.3163","7.3192","7.3369","7.2967","","0.02%"
"02/09/2017","7.3150","7.3523","7.3561","7.3148","","-0.45%"
"02/08/2017","7.3482","7.3532","7.3657","7.3129","","-0.04%"
"02/07/2017","7.3508","7.3777","7.3791","7.3326","","-0.31%"
"02/06/2017","7.3738","7.4076","7.4217","7.3454","","-0.37%"
"02/03/2017","7.4012","7.4033","7.4185","7.3584","","0.04%"
"02/02/2017","7.3981","7.4105","7.4525","7.4005","","-0.07%"
"02/01/2017","7.4036","7.4305","7.4387","7.3851","","-0.28%"
"01/31/2017","7.4242","7.3610","7.4408","7.3517","","0.97%"
"01/30/2017","7.3527","7.3572","7.3920","7.3073","","-0.02%"
"01/27/2017","7.3540","7.3517","7.3809","7.3338","","0.13%"
"01/26/2017","7.3444","7.3968","7.4106","7.3334","","-0.66%"
"01/25/2017","7.3932","7.3608","7.4110","7.3516","","0.51%"
"01/24/2017","7.3560","7.3780","7.3906","7.3522","","-0.23%"
"01/23/2017","7.3728","7.3496","7.3821","7.3370","","0.27%"
"01/20/2017","7.3533","7.3282","7.3651","7.3063","","0.41%"
"01/19/2017","7.3233","7.2699","7.3320","7.2637","","0.78%"
"01/18/2017","7.2667","7.3434","7.3463","7.2672","","-1.00%"
"01/17/2017","7.3399","7.3147","7.3481","7.3095","","0.37%"
"01/16/2017","7.3125","7.3267","7.3401","7.2978","","-0.38%"
"01/13/2017","7.3407","7.3140","7.3643","7.3078","","0.44%"
"01/12/2017","7.3085","7.3415","7.3714","7.3112","","-0.43%"
"01/11/2017","7.3402","7.3053","7.3707","7.2523","","0.55%"
"01/10/2017","7.2999","7.3361","7.3595","7.3026","","-0.43%"
"01/09/2017","7.3317","7.2938","7.3423","7.2813","","0.65%"
"01/06/2017","7.2842","7.3082","7.3515","7.2771","","-0.25%"
"01/05/2017","7.3023","7.2749","7.3148","7.2216","","0.45%"
"01/04/2017","7.2698","7.2436","7.2822","7.2251","","0.43%"
"01/03/2017","7.2386","7.2603","7.2964","7.1980","","-0.30%"
"01/02/2017","7.2603","7.3138","7.3176","7.2565","","-0.53%"
"12/30/2016","7.2992","7.2968","7.4105","7.2895","","0.07%"
"12/29/2016","7.2942","7.2475","7.2999","7.2423","","0.72%"
"12/28/2016","7.2418","7.2703","7.2893","7.2172","","-0.32%"
"12/27/2016","7.2653","7.2648","7.2754","7.2486","","0.04%"
"12/26/2016","7.2627","7.2611","7.2778","7.2522","","0.06%"
"12/23/2016","7.2584","7.2542","7.2737","7.2417","","0.12%"
"12/22/2016","7.2495","7.2365","7.2983","7.2348","","0.24%"
"12/21/2016","7.2325","7.2202","7.2575","7.2157","","0.26%"
"12/20/2016","7.2138","7.2353","7.2433","7.1954","","-0.22%"
"12/19/2016","7.2300","7.2711","7.2864","7.2262","","-0.52%"
"12/16/2016","7.2680","7.2339","7.2906","7.2252","","0.57%"
"12/15/2016","7.2270","7.2748","7.2977","7.1981","","-0.62%"
"12/14/2016","7.2718","7.3341","7.3681","7.2472","","-0.79%"
"12/13/2016","7.3296","7.3455","7.3624","7.3188","","-0.17%"
"12/12/2016","7.3422","7.2897","7.3580","7.2700","","0.71%"
"12/09/2016","7.2901","7.3033","7.3386","7.2734","","-0.14%"
"12/08/2016","7.3000","7.3980","7.4776","7.2903","","-1.28%"
"12/07/2016","7.3945","7.3765","7.4100","7.3698","","0.33%"
"12/06/2016","7.3702","7.4068","7.4174","7.3621","","-0.42%"
"12/05/2016","7.4016","7.3524","7.4301","7.2346","","0.78%"
"12/02/2016","7.3442","7.3424","7.3596","7.3182","","0.08%"
"12/01/2016","7.3380","7.2918","7.3479","7.2884","","0.70%"
"11/30/2016","7.2871","7.3451","7.3575","7.2674","","-0.72%"
"11/29/2016","7.3400","7.3333","7.3499","7.2899","","0.15%"
"11/28/2016","7.3288","7.3343","7.3735","7.2974","","0.10%"
"11/25/2016","7.3216","7.3030","7.3517","7.2897","","0.32%"
"11/24/2016","7.2979","7.3022","7.3241","7.2775","","-0.07%"
"11/23/2016","7.3028","7.3220","7.3376","7.2835","","-0.22%"
"11/22/2016","7.3192","7.3267","7.3412","7.2917","","-0.06%"
"11/21/2016","7.3239","7.2913","7.3416","7.2868","","0.46%"
"11/18/2016","7.2902","7.3085","7.3276","7.2789","","-0.20%"
"11/17/2016","7.3047","7.3562","7.3834","7.3030","","-0.64%"
"11/16/2016","7.3515","7.3544","7.3905","7.3379","","0.03%"
"11/15/2016","7.3492","7.3515","7.4090","7.3475","","0.03%"
"11/14/2016","7.3471","7.3926","7.3933","7.3313","","-0.55%"
"11/11/2016","7.3878","7.4096","7.4408","7.3773","","-0.21%"
"11/10/2016","7.4031","7.3963","7.4391","7.3875","","0.14%"
"11/09/2016","7.3929","7.4838","7.6356","7.3933","","-1.15%"
"11/08/2016","7.4787","7.4817","7.5060","7.4709","","0.02%"
"11/07/2016","7.4771","7.5239","7.5257","7.4612","","-0.60%"
"11/04/2016","7.5226","7.5121","7.5304","7.4856","","0.21%"
"11/03/2016","7.5070","7.4990","7.5245","7.4798","","0.17%"
"11/02/2016","7.4940","7.4814","7.5166","7.4709","","0.25%"
"11/01/2016","7.4751","7.4402","7.4912","7.4246","","0.52%"
"10/31/2016","7.4366","7.4481","7.4528","7.4085","","-0.07%"
"10/28/2016","7.4421","7.3938","7.4518","7.3865","","0.73%"
"10/27/2016","7.3882","7.3867","7.4220","7.3748","","0.05%"
"10/26/2016","7.3847","7.3841","7.4099","7.3676","","0.08%"
"10/25/2016","7.3785","7.3724","7.3956","7.3578","","0.15%"
"10/24/2016","7.3675","7.3636","7.3844","7.3479","","0.07%"
"10/21/2016","7.3621","7.3724","7.3760","7.3473","","-0.10%"
"10/20/2016","7.3697","7.3939","7.4391","7.3608","","-0.31%"
"10/19/2016","7.3925","7.4019","7.4163","7.3810","","-0.09%"
"10/18/2016","7.3993","7.4113","7.4315","7.3935","","-0.10%"
"10/17/2016","7.4065","7.3842","7.4179","7.3769","","0.36%"
"10/14/2016","7.3796","7.4382","7.4412","7.3802","","-0.72%"
"10/13/2016","7.4329","7.3953","7.4405","7.3902","","0.54%"
"10/12/2016","7.3932","7.4305","7.4423","7.3915","","-0.45%"
"10/11/2016","7.4265","7.4711","7.4779","7.4262","","-0.54%"
"10/10/2016","7.4671","7.4702","7.5048","7.4512","","-0.01%"
"10/07/2016","7.4681","7.4395","7.4772","7.4075","","0.44%"
"10/06/2016","7.4354","7.4755","7.4815","7.4315","","-0.46%"
"10/05/2016","7.4701","7.4752","7.4956","7.4646","","-0.01%"
"10/04/2016","7.4707","7.4795","7.4986","7.4299","","-0.05%"
"10/03/2016","7.4747","7.4962","7.5022","7.4752","","-0.26%"
"09/30/2016","7.4941","7.4824","7.5071","7.4408","","0.20%"
"09/29/2016","7.4788","7.4876","7.5010","7.4647","","-0.06%"
"09/28/2016","7.4831","7.4806","7.4994","7.4584","","0.07%"
"09/27/2016","7.4781","7.5049","7.5109","7.4622","","-0.34%"
"09/26/2016","7.5038","7.4875","7.5222","7.4839","","0.26%"
"09/23/2016","7.4840","7.4700","7.4975","7.4636","","0.22%"
"09/22/2016","7.4672","7.4691","7.5081","7.4566","","0.10%"
"09/21/2016","7.4598","7.4423","7.4711","7.4209","","0.28%"
"09/20/2016","7.4391","7.4521","7.4803","7.4363","","-0.10%"
"09/19/2016","7.4468","7.4488","7.4677","7.4333","","0.08%"
"09/16/2016","7.4412","7.5035","7.5115","7.4388","","-0.78%"
"09/15/2016","7.4999","7.5076","7.5306","7.4862","","-0.05%"
"09/14/2016","7.5039","7.4933","7.5254","7.4783","","0.17%"
"09/13/2016","7.4909","7.5052","7.5211","7.4822","","-0.14%"
"09/12/2016","7.5016","7.5012","7.5276","7.4889","","0.04%"
"09/09/2016","7.4985","7.5040","7.5378","7.4811","","-0.06%"
"09/08/2016","7.5030","7.4883","7.5478","7.4840","","0.23%"
"09/07/2016","7.4858","7.5133","7.5214","7.4793","","-0.29%"
"09/06/2016","7.5076","7.4428","7.5197","7.4371","","0.92%"
"09/05/2016","7.4393","7.4508","7.4666","7.4371","","-0.13%"
"09/02/2016","7.4491","7.4708","7.5111","7.4466","","-0.25%"
"09/01/2016","7.4679","7.4528","7.4771","7.4328","","0.25%"
"08/31/2016","7.4495","7.4448","7.4584","7.4284","","0.14%"
"08/30/2016","7.4391","7.4717","7.4778","7.4347","","-0.42%"
"08/29/2016","7.4708","7.4686","7.4842","7.4527","","0.07%"
"08/26/2016","7.4659","7.5136","7.5673","7.4585","","-0.55%"
"08/25/2016","7.5073","7.5008","7.5234","7.4928","","0.16%"
"08/24/2016","7.4955","7.5082","7.5208","7.4838","","-0.09%"
"08/23/2016","7.5020","7.5286","7.5401","7.5046","","-0.26%"
"08/22/2016","7.5216","7.5207","7.5352","7.5072","","-0.15%"
"08/19/2016","7.5328","7.5284","7.5411","7.5171","","0.09%"
"08/18/2016","7.5260","7.4919","7.5377","7.4823","","0.54%"
"08/17/2016","7.4858","7.4721","7.5081","7.4574","","0.22%"
"08/16/2016","7.4692","7.4233","7.4929","7.4176","","0.63%"
"08/15/2016","7.4222","7.4074","7.4363","7.4008","","0.29%"
"08/12/2016","7.4004","7.3819","7.4444","7.3756","","0.28%"
"08/11/2016","7.3796","7.4189","7.4302","7.3789","","-0.46%"
"08/10/2016","7.4134","7.3992","7.4260","7.3888","","0.23%"
"08/09/2016","7.3961","7.3865","7.4031","7.3736","","0.14%"
"08/08/2016","7.3856","7.3801","7.3944","7.3720","","0.15%"
"08/05/2016","7.3749","7.3924","7.4138","7.3510","","-0.16%"
"08/04/2016","7.3870","7.3972","7.4070","7.3842","","-0.08%"
"08/03/2016","7.3927","7.4384","7.4455","7.3899","","-0.57%"
"08/02/2016","7.4353","7.4160","7.4481","7.4109","","0.32%"
"08/01/2016","7.4119","7.4186","7.4285","7.4040","","-0.05%"
"07/29/2016","7.4156","7.3726","7.4272","7.3653","","0.64%"
"07/28/2016","7.3684","7.3757","7.4032","7.3642","","-0.04%"
"07/27/2016","7.3715","7.3299","7.3811","7.3110","","0.61%"
"07/26/2016","7.3266","7.3441","7.3620","7.3227","","-0.18%"
"07/25/2016","7.3395","7.3274","7.3464","7.3136","","0.19%"
"07/22/2016","7.3256","7.3625","7.3681","7.3161","","-0.42%"
"07/21/2016","7.3562","7.3542","7.3839","7.3300","","0.05%"
"07/20/2016","7.3523","7.3804","7.3871","7.3355","","-0.33%"
"07/19/2016","7.3765","7.4253","7.4333","7.3661","","-0.57%"
"07/18/2016","7.4190","7.3861","7.4314","7.3837","","0.56%"
"07/15/2016","7.3779","7.4311","7.4487","7.3734","","-0.66%"
"07/14/2016","7.4269","7.4155","7.4636","7.4118","","0.22%"
"07/13/2016","7.4103","7.3982","7.4370","7.3876","","0.24%"
"07/12/2016","7.3927","7.4021","7.4411","7.3944","","-0.08%"
"07/11/2016","7.3983","7.3916","7.4090","7.3669","","0.09%"
"07/08/2016","7.3914","7.3906","7.4321","7.3547","","0.07%"
"07/07/2016","7.3863","7.4296","7.4369","7.3829","","-0.52%"
"07/06/2016","7.4252","7.3984","7.4380","7.3751","","0.41%"
"07/05/2016","7.3948","7.4345","7.4581","7.3880","","-0.47%"
"07/04/2016","7.4300","7.4157","7.4425","7.3968","","0.27%"
"07/01/2016","7.4100","7.3829","7.4377","7.3692","","0.41%"
"06/30/2016","7.3796","7.3834","7.4121","7.3288","","-0.01%"
"06/29/2016","7.3801","7.3562","7.3970","7.3417","","0.37%"
"06/28/2016","7.3527","7.3324","7.3830","7.3224","","0.35%"
"06/27/2016","7.3269","7.3320","7.3597","7.2834","","-0.35%"
"06/24/2016","7.3526","7.4922","7.5208","7.2109","","-1.76%"
"06/23/2016","7.4845","7.4306","7.5070","7.4293","","0.78%"
"06/22/2016","7.4265","7.4125","7.4554","7.4049","","0.27%"
"06/21/2016","7.4064","7.4413","7.4691","7.4055","","-0.43%"
"06/20/2016","7.4384","7.4337","7.4885","7.4308","","0.20%"
"06/17/2016","7.4238","7.3995","7.4411","7.3936","","0.38%"
"06/16/2016","7.3958","7.4105","7.4294","7.3364","","-0.13%"
"06/15/2016","7.4054","7.3927","7.4371","7.3780","","0.23%"
"06/14/2016","7.3881","7.4362","7.4454","7.3768","","-0.58%"
"06/13/2016","7.4314","7.3842","7.4452","7.3707","","0.72%"
"06/10/2016","7.3782","7.4256","7.4341","7.3786","","-0.57%"
"06/09/2016","7.4202","7.4809","7.4915","7.4180","","-0.71%"
"06/08/2016","7.4732","7.4639","7.4940","7.4577","","0.15%"
"06/07/2016","7.4620","7.4532","7.4781","7.4490","","0.19%"
"06/06/2016","7.4475","7.4531","7.4781","7.4341","","-0.16%"
"06/03/2016","7.4598","7.3421","7.4691","7.3316","","1.66%"
"06/02/2016","7.3377","7.3562","7.3845","7.3365","","-0.24%"
"06/01/2016","7.3552","7.3281","7.3621","7.3182","","0.44%"
"05/31/2016","7.3227","7.3328","7.3533","7.3203","","-0.15%"
"05/30/2016","7.3339","7.2951","7.3390","7.2836","","0.57%"
"05/27/2016","7.2925","7.3399","7.3474","7.2902","","-0.57%"
"05/26/2016","7.3346","7.3111","7.3537","7.3035","","0.34%"
"05/25/2016","7.3101","7.3053","7.3254","7.2991","","0.10%"
"05/24/2016","7.3025","7.3559","7.3599","7.2988","","-0.65%"
"05/23/2016","7.3502","7.3460","7.3634","7.3317","","0.02%"
"05/20/2016","7.3487","7.3346","7.3570","7.3271","","0.25%"
"05/19/2016","7.3306","7.3346","7.3501","7.3197","","-0.01%"
"05/18/2016","7.3312","7.3772","7.3862","7.3310","","-0.55%"
"05/17/2016","7.3714","7.3827","7.4061","7.3708","","-0.07%"
"05/16/2016","7.3762","7.3877","7.3976","7.3748","","-0.06%"
"05/13/2016","7.3805","7.4141","7.4199","7.3679","","-0.39%"
"05/12/2016","7.4097","7.4184","7.4377","7.4079","","-0.05%"
"05/11/2016","7.4134","7.4126","7.4409","7.4071","","0.10%"
"05/10/2016","7.4063","7.4182","7.4356","7.4017","","-0.10%"
"05/09/2016","7.4136","7.4112","7.4380","7.3969","","0.08%"
"05/06/2016","7.4079","7.4195","7.4616","7.4008","","-0.11%"
"05/05/2016","7.4162","7.4612","7.4789","7.4060","","-0.57%"
"05/04/2016","7.4589","7.4633","7.4932","7.4545","","-0.02%"
"05/03/2016","7.4603","7.4678","7.5178","7.4570","","-0.07%"
"05/02/2016","7.4656","7.4102","7.4701","7.4096","","0.68%"
"04/29/2016","7.4151","7.3521","7.4269","7.3404","","0.91%"
"04/28/2016","7.3481","7.3533","7.3676","7.3234","","-0.03%"
"04/27/2016","7.3506","7.3367","7.3800","7.3215","","0.24%"
"04/26/2016","7.3330","7.3150","7.3635","7.3054","","0.29%"
"04/25/2016","7.3116","7.3006","7.3236","7.2912","","0.16%"
"04/22/2016","7.2999","7.3168","7.3336","7.2924","","-0.20%"
"04/21/2016","7.3145","7.3100","7.3803","7.3035","","0.13%"
"04/20/2016","7.3050","7.3342","7.3636","7.3045","","-0.38%"
"04/19/2016","7.3327","7.3260","7.3584","7.3179","","0.16%"
"04/18/2016","7.3208","7.3155","7.3395","7.3055","","0.26%"
"04/15/2016","7.3015","7.3049","7.3257","7.2906","","0.00%"
"04/14/2016","7.3015","7.3037","7.3217","7.2874","","0.01%"
"04/13/2016","7.3006","7.3614","7.3662","7.2986","","-0.79%"
"04/12/2016","7.3585","7.3697","7.4078","7.3429","","-0.10%"
"04/11/2016","7.3660","7.3759","7.4025","7.3588","","-0.01%"
"04/08/2016","7.3669","7.3536","7.3840","7.3423","","0.26%"
"04/07/2016","7.3481","7.3875","7.4048","7.3357","","-0.47%"
"04/06/2016","7.3830","7.3737","7.4096","7.3453","","0.16%"
"04/05/2016","7.3710","7.3805","7.3892","7.3404","","-0.09%"
"04/04/2016","7.3780","7.3811","7.3944","7.3574","","0.03%"
"04/01/2016","7.3760","7.3393","7.3945","7.3332","","0.54%"
"03/31/2016","7.3365","7.3301","7.3671","7.3115","","0.12%"
"03/30/2016","7.3279","7.3459","7.3555","7.3146","","-0.23%"
"03/29/2016","7.3450","7.2858","7.3557","7.2707","","0.87%"
"03/28/2016","7.2818","7.2745","7.3062","7.2656","","0.15%"
"03/25/2016","7.2706","7.2801","7.2890","7.2639","","-0.08%"
"03/24/2016","7.2763","7.2747","7.2886","7.2582","","0.05%"
"03/23/2016","7.2729","7.2799","7.2854","7.2594","","-0.04%"
"03/22/2016","7.2758","7.2913","7.3103","7.2656","","-0.12%"
"03/21/2016","7.2842","7.2935","7.3175","7.2822","","-0.05%"
"03/18/2016","7.2877","7.3284","7.3377","7.2877","","-0.54%"
"03/17/2016","7.3272","7.3203","7.3502","7.2811","","0.16%"
"03/16/2016","7.3155","7.2370","7.3327","7.2111","","1.15%"
"03/15/2016","7.2324","7.2166","7.2460","7.2095","","0.23%"
"03/14/2016","7.2158","7.2432","7.2594","7.1990","","-0.34%"
"03/11/2016","7.2402","7.2750","7.2964","7.2024","","-0.42%"
"03/10/2016","7.2709","7.1679","7.3013","7.0605","","1.50%"
"03/09/2016","7.1635","7.1588","7.1878","7.1299","","0.11%"
"03/08/2016","7.1555","7.1776","7.1932","7.1500","","-0.27%"
"03/07/2016","7.1749","7.1644","7.1857","7.1299","","0.24%"
"03/04/2016","7.1579","7.1565","7.1893","7.1082","","0.04%"
"03/03/2016","7.1549","7.1232","7.1670","7.1018","","0.53%"
"03/02/2016","7.1171","7.1208","7.1293","7.0911","","0.02%"
"03/01/2016","7.1159","7.1256","7.1390","7.0959","","-0.10%"
"02/29/2016","7.1232","7.1500","7.1778","7.1160","","-0.34%"
"02/26/2016","7.1478","7.1993","7.2360","7.1362","","-0.71%"
"02/25/2016","7.1989","7.1940","7.2202","7.1783","","0.14%"
"02/24/2016","7.1891","7.1929","7.2153","7.1625","","-0.01%"
"02/23/2016","7.1900","7.1929","7.2145","7.1730","","0.00%"
"02/22/2016","7.1899","7.2578","7.2634","7.1755","","-0.94%"
"02/19/2016","7.2583","7.2404","7.2659","7.2169","","0.32%"
"02/18/2016","7.2350","7.2646","7.2728","7.2155","","-0.38%"
"02/17/2016","7.2626","7.2625","7.2955","7.2455","","0.05%"
"02/16/2016","7.2588","7.2465","7.2944","7.2445","","0.22%"
"02/15/2016","7.2431","7.3966","7.3986","7.2267","","-2.09%"
"02/12/2016","7.3976","7.4473","7.4506","7.3717","","-0.56%"
"02/11/2016","7.4390","7.4220","7.4788","7.4105","","0.28%"
"02/10/2016","7.4180","7.4239","7.4361","7.3362","","-0.02%"
"02/09/2016","7.4193","7.3611","7.4538","7.3381","","0.86%"
"02/08/2016","7.3562","7.3352","7.3740","7.2875","","0.35%"
"02/05/2016","7.3306","7.3579","7.3912","7.3025","","-0.34%"
"02/04/2016","7.3554","7.3031","7.3912","7.2810","","0.74%"
"02/03/2016","7.3012","7.1848","7.3311","7.1728","","1.65%"
"02/02/2016","7.1828","7.1632","7.1989","7.1596","","0.31%"
"02/01/2016","7.1606","7.1239","7.1796","7.1110","","0.52%"
"01/29/2016","7.1236","7.1926","7.2007","7.1087","","-0.93%"
"01/28/2016","7.1904","7.1649","7.2120","7.1466","","0.38%"
"01/27/2016","7.1633","7.1558","7.1810","7.1386","","0.14%"
"01/26/2016","7.1533","7.1379","7.1572","7.1210","","0.24%"
"01/25/2016","7.1362","7.1047","7.1439","7.0975","","0.49%"
"01/22/2016","7.1012","7.1555","7.1578","7.0979","","-0.73%"
"01/21/2016","7.1531","7.1655","7.1861","7.0916","","-0.14%"
"01/20/2016","7.1629","7.1769","7.2224","7.1550","","-0.15%"
"01/19/2016","7.1736","7.1657","7.1969","7.1436","","0.13%"
"01/18/2016","7.1643","7.1898","7.2046","7.1499","","-0.30%"
"01/15/2016","7.1858","7.1602","7.2331","7.1526","","0.38%"
"01/14/2016","7.1584","7.1544","7.2136","7.1398","","0.14%"
"01/13/2016","7.1482","7.1361","7.1600","7.1039","","0.21%"
"01/12/2016","7.1330","7.1339","7.1702","7.1108","","0.02%"
"01/11/2016","7.1316","7.2063","7.2367","7.1266","","-1.03%"
"01/08/2016","7.2057","7.2081","7.2123","7.1186","","-0.04%"
"01/07/2016","7.2083","7.0687","7.2140","7.0632","","2.02%"
"01/06/2016","7.0654","7.0103","7.0815","7.0042","","0.81%"
"01/05/2016","7.0084","7.0785","7.0840","6.9856","","-0.95%"
"01/04/2016","7.0755","7.0511","7.1470","7.0307","","0.37%"
"01/01/2016","7.0491","7.0524","7.0583","7.0414","","-0.02%"
"12/31/2015","7.0504","7.0978","7.1027","7.0459","","-0.59%"
"12/30/2015","7.0925","7.0810","7.1043","7.0764","","0.21%"
"12/29/2015","7.0777","7.1165","7.1284","7.0674","","-0.50%"
"12/28/2015","7.1131","7.0949","7.1333","7.0923","","0.12%"
"12/25/2015","7.1048","7.1072","7.1098","7.0839","","0.02%"
"12/24/2015","7.1033","7.0686","7.1082","7.0608","","0.54%"
"12/23/2015","7.0650","7.0992","7.1001","7.0414","","-0.43%"
"12/22/2015","7.0958","7.0748","7.1173","7.0627","","0.36%"
"12/21/2015","7.0702","7.0412","7.0897","7.0304","","0.42%"
"12/18/2015","7.0405","7.0196","7.0493","7.0021","","0.33%"
"12/17/2015","7.0170","7.0660","7.0669","7.0027","","-0.64%"
"12/16/2015","7.0619","7.0648","7.1265","7.0481","","0.04%"
"12/15/2015","7.0588","7.0997","7.1486","7.0448","","-0.56%"
"12/14/2015","7.0982","7.0915","7.1369","7.0695","","0.10%"
"12/11/2015","7.0908","7.0452","7.1208","7.0355","","0.70%"
"12/10/2015","7.0413","7.0888","7.0915","7.0333","","-0.63%"
"12/09/2015","7.0858","6.9893","7.0985","6.9803","","1.38%"
"12/08/2015","6.9892","6.9449","6.9967","6.9385","","0.66%"
"12/07/2015","6.9432","6.9561","6.9698","6.9177","","-0.34%"
"12/04/2015","6.9666","6.9998","7.0101","6.9352","","-0.43%"
"12/03/2015","6.9966","6.7922","7.0257","6.7419","","3.05%"
"12/02/2015","6.7897","6.8038","6.8096","6.7510","","-0.18%"
"12/01/2015","6.8022","6.7616","6.8080","6.7577","","0.65%"
"11/30/2015","6.7583","6.7735","6.7798","6.7545","","-0.20%"
"11/27/2015","6.7718","6.7796","6.8040","6.7582","","-0.07%"
"11/26/2015","6.7767","6.7895","6.7943","6.7723","","-0.16%"
"11/25/2015","6.7876","6.8010","6.8308","6.7509","","-0.14%"
"11/24/2015","6.7972","6.7959","6.8208","6.7854","","0.05%"
"11/23/2015","6.7941","6.7975","6.8094","6.7678","","0.00%"
"11/20/2015","6.7940","6.8515","6.8582","6.7930","","-0.82%"
"11/19/2015","6.8503","6.8057","6.8703","6.8025","","0.69%"
"11/18/2015","6.8034","6.7885","6.8277","6.7789","","0.26%"
"11/17/2015","6.7859","6.8101","6.8139","6.7801","","-0.29%"
"11/16/2015","6.8057","6.8534","6.8706","6.7997","","-0.92%"
"11/13/2015","6.8687","6.8881","6.8903","6.8285","","-0.30%"
"11/12/2015","6.8893","6.8412","6.8979","6.8090","","0.72%"
"11/11/2015","6.8403","6.8224","6.8554","6.8162","","0.30%"
"11/10/2015","6.8201","6.8406","6.8485","6.7903","","-0.27%"
"11/09/2015","6.8384","6.8185","6.8654","6.8096","","0.25%"
"11/06/2015","6.8216","6.9069","6.9195","6.8022","","-1.22%"
"11/05/2015","6.9056","6.8846","6.9157","6.8738","","0.34%"
"11/04/2015","6.8825","6.9491","6.9507","6.8701","","-0.95%"
"11/03/2015","6.9484","6.9806","6.9922","6.9288","","-0.46%"
"11/02/2015","6.9803","6.9673","7.0109","6.9607","","0.39%"
"10/30/2015","6.9530","6.9784","6.9961","6.9405","","-0.32%"
"10/29/2015","6.9755","6.9472","6.9832","6.9342","","0.46%"
"10/28/2015","6.9438","7.0212","7.0563","6.9281","","-1.05%"
"10/27/2015","7.0174","7.0257","7.0390","7.0073","","-0.07%"
"10/26/2015","7.0224","6.9897","7.0324","6.9770","","0.43%"
"10/23/2015","6.9926","7.0631","7.0748","6.9798","","-0.97%"
"10/22/2015","7.0609","7.1995","7.2079","7.0571","","-1.89%"
"10/21/2015","7.1969","7.2029","7.2227","7.1957","","-0.07%"
"10/20/2015","7.2018","7.2041","7.2292","7.1884","","0.01%"
"10/19/2015","7.2010","7.2111","7.2420","7.1904","","-0.09%"
"10/16/2015","7.2073","7.2236","7.2442","7.2004","","-0.22%"
"10/15/2015","7.2229","7.2831","7.2930","7.2109","","-0.80%"
"10/14/2015","7.2810","7.2169","7.2941","7.2144","","0.90%"
"10/13/2015","7.2162","7.1801","7.2333","7.1728","","0.54%"
"10/12/2015","7.1775","7.2060","7.2200","7.1801","","-0.37%"
"10/09/2015","7.2041","7.1657","7.2260","7.1519","","0.55%"
"10/08/2015","7.1648","7.1426","7.1966","7.1391","","0.33%"
"10/07/2015","7.1409","7.1649","7.1725","7.1258","","-0.29%"
"10/06/2015","7.1618","7.1131","7.1703","7.1003","","0.74%"
"10/05/2015","7.1091","7.1331","7.1760","7.1007","","-0.21%"
"10/02/2015","7.1243","7.1153","7.1941","7.0867","","0.14%"
"10/01/2015","7.1142","7.1050","7.1255","7.0772","","0.16%"
"09/30/2015","7.1030","7.1581","7.1670","7.0926","","-0.72%"
"09/29/2015","7.1542","7.1620","7.1810","7.1228","","-0.08%"
"09/28/2015","7.1601","7.1361","7.1643","7.0989","","0.36%"
"09/25/2015","7.1347","7.1684","7.1710","7.0851","","-0.44%"
"09/24/2015","7.1661","7.1408","7.2109","7.1197","","0.36%"
"09/23/2015","7.1401","7.0901","7.1590","7.0803","","0.75%"
"09/22/2015","7.0871","7.1267","7.1463","7.0857","","-0.50%"
"09/21/2015","7.1228","7.1834","7.2165","7.1213","","-0.98%"
"09/18/2015","7.1931","7.2805","7.2938","7.1713","","-1.16%"
"09/17/2015","7.2778","7.1924","7.2846","7.1837","","1.22%"
"09/16/2015","7.1904","7.1790","7.2125","7.1437","","0.22%"
"09/15/2015","7.1748","7.2043","7.2166","7.1714","","-0.43%"
"09/14/2015","7.2055","7.2287","7.2442","7.1846","","-0.30%"
"09/11/2015","7.2269","7.1935","7.2363","7.1745","","0.50%"
"09/10/2015","7.1907","7.1476","7.2037","7.1243","","0.65%"
"09/09/2015","7.1446","7.1329","7.1505","7.0988","","0.22%"
"09/08/2015","7.1289","7.1111","7.1518","7.0999","","0.31%"
"09/07/2015","7.1071","7.0926","7.1162","7.0793","","0.34%"
"09/04/2015","7.0832","7.0700","7.1075","7.0481","","0.22%"
"09/03/2015","7.0673","7.1367","7.1469","7.0468","","-0.93%"
"09/02/2015","7.1334","7.1992","7.2056","7.1285","","-0.89%"
"09/01/2015","7.1972","7.1486","7.2161","7.1448","","0.69%"
"08/31/2015","7.1481","7.1395","7.1844","7.1283","","0.12%"
"08/28/2015","7.1395","7.2028","7.2275","7.1267","","-0.86%"
"08/27/2015","7.2011","7.2544","7.2812","7.1759","","-0.69%"
"08/26/2015","7.2511","7.3864","7.4158","7.2381","","-1.78%"
"08/25/2015","7.3827","7.4419","7.4445","7.3091","","-0.78%"
"08/24/2015","7.4408","7.2597","7.5005","7.2597","","2.28%"
"08/21/2015","7.2748","7.1841","7.2789","7.1726","","1.32%"
"08/20/2015","7.1802","7.1115","7.1854","7.0990","","0.99%"
"08/19/2015","7.1100","7.0473","7.1224","7.0454","","0.94%"
"08/18/2015","7.0436","7.0837","7.1097","7.0441","","-0.53%"
"08/17/2015","7.0810","7.0994","7.1145","7.0711","","-0.23%"
"08/14/2015","7.0976","7.1344","7.1521","7.0933","","-0.49%"
"08/13/2015","7.1327","7.1257","7.1854","7.0900","","0.14%"
"08/12/2015","7.1225","6.9833","7.1831","6.9729","","2.03%"
"08/11/2015","6.9808","6.8425","7.0137","6.8272","","2.03%"
"08/10/2015","6.8421","6.8115","6.8570","6.7840","","0.50%"
"08/07/2015","6.8078","6.7863","6.8176","6.7410","","0.37%"
"08/06/2015","6.7827","6.7741","6.7949","6.7528","","0.17%"
"08/05/2015","6.7709","6.7567","6.7915","6.7363","","0.25%"
"08/04/2015","6.7543","6.8018","6.8241","6.7548","","-0.64%"
"08/03/2015","6.7979","6.8118","6.8290","6.7940","","-0.36%"
"07/31/2015","6.8226","6.7890","6.9015","6.7816","","0.51%"
"07/30/2015","6.7883","6.8216","6.8247","6.7642","","-0.46%"
"07/29/2015","6.8199","6.8673","6.8833","6.8091","","-0.67%"
"07/28/2015","6.8659","6.8885","6.8928","6.8437","","-0.30%"
"07/27/2015","6.8865","6.8141","6.9109","6.8110","","0.99%"
"07/24/2015","6.8193","6.8196","6.8290","6.7840","","0.02%"
"07/23/2015","6.8182","6.7863","6.8425","6.7813","","0.44%"
"07/22/2015","6.7886","6.7914","6.8095","6.7496","","-0.03%"
"07/21/2015","6.7907","6.7221","6.8119","6.7136","","1.03%"
"07/20/2015","6.7218","6.7268","6.7506","6.7121","","-0.01%"
"07/17/2015","6.7226","6.7529","6.7730","6.7234","","-0.44%"
"07/16/2015","6.7521","6.7979","6.8075","6.7408","","-0.65%"
"07/15/2015","6.7961","6.8364","6.8526","6.7860","","-0.57%"
"07/14/2015","6.8353","6.8311","6.8804","6.8079","","0.07%"
"07/13/2015","6.8302","6.8938","6.9523","6.8265","","-1.45%"
"07/10/2015","6.9307","6.8530","6.9646","6.8486","","1.16%"
"07/09/2015","6.8509","6.8774","6.9064","6.8238","","-0.39%"
"07/08/2015","6.8780","6.8384","6.8876","6.8144","","0.60%"
"07/07/2015","6.8369","6.8652","6.8680","6.7788","","-0.39%"
"07/06/2015","6.8639","6.8272","6.8895","6.8067","","-0.46%"
"07/03/2015","6.8953","6.8776","6.9001","6.8666","","0.28%"
"07/02/2015","6.8763","6.8548","6.9018","6.8409","","0.34%"
"07/01/2015","6.8531","6.9083","6.9283","6.8477","","-0.73%"
"06/30/2015","6.9037","6.9762","6.9814","6.8906","","-1.03%"
"06/29/2015","6.9752","6.8532","7.0029","6.8017","","0.64%"
"06/26/2015","6.9306","6.9580","6.9668","6.9110","","-0.36%"
"06/25/2015","6.9559","6.9554","6.9712","6.9254","","0.04%"
"06/24/2015","6.9533","6.9330","6.9743","6.9237","","0.30%"
"06/23/2015","6.9322","7.0422","7.0469","6.9110","","-1.54%"
"06/22/2015","7.0404","7.0562","7.0857","7.0242","","-0.11%"
"06/19/2015","7.0479","7.0518","7.0726","7.0121","","-0.04%"
"06/18/2015","7.0505","7.0396","7.0999","7.0352","","0.17%"
"06/17/2015","7.0387","6.9837","7.0538","6.9629","","0.80%"
"06/16/2015","6.9827","7.0084","7.0338","6.9564","","-0.31%"
"06/15/2015","7.0045","6.9695","7.0134","6.9471","","0.13%"
"06/12/2015","6.9953","6.9874","7.0136","6.9226","","0.12%"
"06/11/2015","6.9867","7.0277","7.0333","6.9409","","-0.57%"
"06/10/2015","7.0271","7.0022","7.0651","6.9877","","0.38%"
"06/09/2015","7.0008","7.0070","7.0401","6.9591","","-0.06%"
"06/08/2015","7.0052","6.8942","7.0176","6.8743","","1.65%"
"06/05/2015","6.8915","6.9688","6.9985","6.8542","","-1.09%"
"06/04/2015","6.9676","6.9877","7.0568","6.9610","","-0.24%"
"06/03/2015","6.9847","6.9137","6.9946","6.8666","","1.05%"
"06/02/2015","6.9120","6.7748","6.9367","6.7660","","2.07%"
"06/01/2015","6.7719","6.8098","6.8120","6.7491","","-0.56%"
"05/29/2015","6.8097","6.7894","6.8222","6.7754","","0.32%"
"05/28/2015","6.7880","6.7623","6.7962","6.7398","","0.40%"
"05/27/2015","6.7611","6.7452","6.7817","6.7092","","0.23%"
"05/26/2015","6.7454","6.8083","6.8139","6.7390","","-0.88%"
"05/25/2015","6.8056","6.8203","6.8266","6.7958","","-0.30%"
"05/22/2015","6.8262","6.8862","6.9467","6.8184","","-0.85%"
"05/21/2015","6.8848","6.8821","6.9296","6.8727","","0.06%"
"05/20/2015","6.8804","6.9201","6.9238","6.8642","","-0.55%"
"05/19/2015","6.9183","7.0204","7.0282","6.9009","","-1.44%"
"05/18/2015","7.0193","7.1082","7.1082","7.0096","","-1.21%"
"05/15/2015","7.1055","7.0760","7.1172","7.0278","","0.44%"
"05/14/2015","7.0744","7.0472","7.0980","7.0344","","0.42%"
"05/13/2015","7.0450","6.9624","7.0630","6.9507","","1.21%"
"05/12/2015","6.9611","6.9265","7.0030","6.9136","","0.52%"
"05/11/2015","6.9251","6.9527","6.9595","6.9116","","-0.43%"
"05/08/2015","6.9553","6.9929","7.0095","6.9415","","-0.52%"
"05/07/2015","6.9914","7.0362","7.0705","6.9743","","-0.66%"
"05/06/2015","7.0377","6.9421","7.0507","6.9348","","1.40%"
"05/05/2015","6.9406","6.9206","6.9644","6.8678","","0.32%"
"05/04/2015","6.9188","6.9484","6.9682","6.9054","","-0.39%"
"05/01/2015","6.9460","6.9617","7.0030","6.9317","","-0.20%"
"04/30/2015","6.9597","6.8992","6.9887","6.8694","","0.88%"
"04/29/2015","6.8988","6.8129","6.9358","6.8001","","1.28%"
"04/28/2015","6.8114","6.7747","6.8191","6.7404","","0.62%"
"04/27/2015","6.7695","6.7336","6.7952","6.7231","","0.54%"
"04/24/2015","6.7330","6.7080","6.7537","6.6830","","0.39%"
"04/23/2015","6.7071","6.6428","6.7216","6.6117","","0.97%"
"04/22/2015","6.6425","6.6580","6.6905","6.6326","","-0.19%"
"04/21/2015","6.6550","6.6584","6.6860","6.6092","","-0.04%"
"04/20/2015","6.6575","6.7076","6.7095","6.6429","","-0.58%"
"04/17/2015","6.6965","6.6681","6.7240","6.6512","","0.47%"
"04/16/2015","6.6655","6.6303","6.7034","6.5826","","0.57%"
"04/15/2015","6.6280","6.6178","6.6405","6.5592","","0.18%"
"04/14/2015","6.6163","6.5692","6.6513","6.5441","","0.75%"
"04/13/2015","6.5670","6.5826","6.5997","6.5400","","-0.22%"
"04/10/2015","6.5817","6.6148","6.6359","6.5612","","-0.48%"
"04/09/2015","6.6133","6.6870","6.6934","6.6008","","-1.07%"
"04/08/2015","6.6851","6.7013","6.7533","6.6764","","-0.22%"
"04/07/2015","6.6998","6.7636","6.7835","6.6936","","-0.94%"
"04/06/2015","6.7634","6.8070","6.8355","6.7574","","-0.50%"
"04/03/2015","6.7974","6.7445","6.8299","6.7289","","0.81%"
"04/02/2015","6.7427","6.6721","6.7579","6.6632","","1.09%"
"04/01/2015","6.6699","6.6555","6.6947","6.6434","","0.28%"
"03/31/2015","6.6515","6.7247","6.7324","6.6419","","-1.06%"
"03/30/2015","6.7229","6.7678","6.7719","6.7095","","-0.63%"
"03/27/2015","6.7657","6.7614","6.8048","6.7109","","0.10%"
"03/26/2015","6.7587","6.8147","6.8649","6.7425","","-0.80%"
"03/25/2015","6.8135","6.7788","6.8430","6.7636","","0.53%"
"03/24/2015","6.7779","6.8016","6.8443","6.7574","","-0.34%"
"03/23/2015","6.8007","6.7255","6.8183","6.6868","","1.32%"
"03/20/2015","6.7124","6.6050","6.7525","6.5938","","1.64%"
"03/19/2015","6.6038","6.7692","6.7997","6.5759","","-2.42%"
"03/18/2015","6.7677","6.6230","6.8480","6.5964","","2.20%"
"03/17/2015","6.6221","6.6185","6.6567","6.5995","","0.09%"
"03/16/2015","6.6164","6.5687","6.6511","6.5456","","0.75%"
"03/13/2015","6.5670","6.6604","6.6623","6.5484","","-1.38%"
"03/12/2015","6.6590","6.6049","6.6911","6.5728","","0.86%"
"03/11/2015","6.6025","6.6991","6.7113","6.5820","","-1.42%"
"03/10/2015","6.6979","6.7980","6.8011","6.6954","","-1.45%"
"03/09/2015","6.7965","6.7838","6.8325","6.7776","","0.10%"
"03/06/2015","6.7899","6.9130","6.9143","6.7895","","-1.74%"
"03/05/2015","6.9099","6.9469","6.9644","6.8845","","-0.51%"
"03/04/2015","6.9454","7.0122","7.0188","6.9362","","-0.93%"
"03/03/2015","7.0107","7.0146","7.0389","6.9984","","-0.05%"
"03/02/2015","7.0140","7.0145","7.0509","6.9966","","-0.05%"
"02/27/2015","7.0175","7.0087","7.0508","7.0050","","0.15%"
"02/26/2015","7.0069","7.1110","7.1229","6.9993","","-1.46%"
"02/25/2015","7.1110","7.0930","7.1287","7.0902","","0.27%"
"02/24/2015","7.0921","7.0899","7.1055","7.0608","","0.08%"
"02/23/2015","7.0865","7.1202","7.1393","7.0648","","-0.42%"
"02/20/2015","7.1165","7.1108","7.1493","7.0551","","0.11%"
"02/19/2015","7.1090","7.1293","7.1627","7.1027","","-0.25%"
"02/18/2015","7.1271","7.1374","7.1411","7.0892","","-0.13%"
"02/17/2015","7.1365","7.0937","7.1615","7.0740","","0.61%"
"02/16/2015","7.0931","7.1055","7.1428","7.0721","","-0.14%"
"02/13/2015","7.1029","7.1206","7.1422","7.1009","","-0.23%"
"02/12/2015","7.1194","7.0755","7.1334","7.0555","","0.66%"
"02/11/2015","7.0730","7.0651","7.0845","7.0412","","0.13%"
"02/10/2015","7.0636","7.0744","7.0865","7.0355","","-0.13%"
"02/09/2015","7.0731","7.0657","7.0965","7.0403","","0.14%"
"02/06/2015","7.0633","7.1756","7.1821","7.0626","","-1.54%"
"02/05/2015","7.1737","7.0884","7.1896","7.0621","","1.23%"
"02/04/2015","7.0868","7.1846","7.1862","7.0699","","-1.34%"
"02/03/2015","7.1828","7.1000","7.2178","7.0788","","1.19%"
"02/02/2015","7.0982","7.0528","7.1129","7.0500","","0.64%"
"01/30/2015","7.0532","7.0711","7.1025","7.0488","","-0.24%"
"01/29/2015","7.0702","7.0524","7.1017","7.0369","","0.27%"
"01/28/2015","7.0509","7.1064","7.1112","7.0449","","-0.75%"
"01/27/2015","7.1039","7.0286","7.1323","7.0160","","1.08%"
"01/26/2015","7.0277","6.9675","7.0645","6.9130","","0.69%"
"01/23/2015","6.9796","7.0569","7.0751","6.9227","","-1.08%"
"01/22/2015","7.0560","7.2118","7.2320","7.0264","","-2.14%"
"01/21/2015","7.2100","7.1781","7.2522","7.1716","","0.47%"
"01/20/2015","7.1762","7.2181","7.2218","7.1707","","-0.56%"
"01/19/2015","7.2165","7.1691","7.2395","7.1660","","0.52%"
"01/16/2015","7.1791","7.1976","7.2335","7.1132","","-0.21%"
"01/15/2015","7.1942","7.3044","7.3078","7.1577","","-1.50%"
"01/14/2015","7.3041","7.2963","7.3401","7.2663","","0.12%"
"01/13/2015","7.2951","7.3412","7.3551","7.2839","","-0.60%"
"01/12/2015","7.3390","7.3499","7.3704","7.3108","","-0.15%"
"01/09/2015","7.3502","7.3285","7.3555","7.3027","","0.30%"
"01/08/2015","7.3279","7.3559","7.3614","7.3046","","-0.36%"
"01/07/2015","7.3546","7.3873","7.3905","7.3319","","-0.42%"
"01/06/2015","7.3854","7.4231","7.4324","7.3835","","-0.48%"
"01/05/2015","7.4212","7.4489","7.4520","7.3738","","-0.33%"
"01/02/2015","7.4455","7.5119","7.5153","7.4477","","-0.84%"
"01/01/2015","7.5088","7.5085","7.5138","7.5054","","0.04%"
"12/31/2014","7.5057","7.5389","7.5514","7.5073","","-0.44%"
"12/30/2014","7.5385","7.5613","7.5807","7.5319","","-0.28%"
"12/29/2014","7.5600","7.5686","7.6048","7.5551","","-0.03%"
"12/26/2014","7.5624","7.5743","7.5872","7.5598","","-0.14%"
"12/25/2014","7.5727","7.5796","7.5945","7.5628","","-0.07%"
"12/24/2014","7.5777","7.5781","7.5958","7.5733","","0.01%"
"12/23/2014","7.5772","7.6090","7.6245","7.5735","","-0.40%"
"12/22/2014","7.6080","7.6044","7.6357","7.5999","","0.05%"
"12/19/2014","7.6041","7.6352","7.6560","7.6007","","-0.39%"
"12/18/2014","7.6339","7.6481","7.6802","7.6221","","-0.17%"
"12/17/2014","7.6471","7.7437","7.7478","7.6354","","-1.23%"
"12/16/2014","7.7424","7.6992","7.7802","7.6961","","0.58%"
"12/15/2014","7.6979","7.7108","7.7252","7.6849","","-0.13%"
"12/12/2014","7.7083","7.6813","7.7250","7.6602","","0.38%"
"12/11/2014","7.6788","7.6886","7.7192","7.6547","","-0.11%"
"12/10/2014","7.6876","7.6567","7.6895","7.6326","","0.44%"
"12/09/2014","7.6539","7.6033","7.7029","7.5941","","0.68%"
"12/08/2014","7.6021","7.5519","7.6203","7.5503","","0.62%"
"12/05/2014","7.5549","7.6194","7.6280","7.5476","","-0.81%"
"12/04/2014","7.6169","7.5718","7.6668","7.5591","","0.61%"
"12/03/2014","7.5705","7.6150","7.6229","7.5647","","-0.56%"
"12/02/2014","7.6131","7.6713","7.6762","7.6110","","-0.75%"
"12/01/2014","7.6703","7.6498","7.6947","7.6341","","0.29%"
"11/28/2014","7.6479","7.6537","7.6734","7.6328","","-0.07%"
"11/27/2014","7.6529","7.6781","7.6889","7.6521","","-0.30%"
"11/26/2014","7.6763","7.6550","7.6938","7.6388","","0.30%"
"11/25/2014","7.6534","7.6418","7.6627","7.6102","","0.16%"
"11/24/2014","7.6409","7.5814","7.6437","7.5695","","0.71%"
"11/21/2014","7.5869","7.6783","7.6952","7.5790","","-1.17%"
"11/20/2014","7.6770","7.6825","7.7008","7.6569","","-0.05%"
"11/19/2014","7.6812","7.6743","7.7106","7.6554","","0.11%"
"11/18/2014","7.6730","7.6248","7.6801","7.6202","","0.64%"
"11/17/2014","7.6240","7.6788","7.7053","7.6214","","-0.65%"
"11/14/2014","7.6741","7.6413","7.6907","7.5994","","0.45%"
"11/13/2014","7.6401","7.6204","7.6518","7.6122","","0.28%"
"11/12/2014","7.6191","7.6407","7.6566","7.6079","","-0.26%"
"11/11/2014","7.6391","7.6011","7.6560","7.5907","","0.52%"
"11/10/2014","7.5998","7.6241","7.6555","7.5989","","-0.31%"
"11/07/2014","7.6237","7.5636","7.6354","7.5602","","0.82%"
"11/06/2014","7.5620","7.6340","7.6611","7.5571","","-0.93%"
"11/05/2014","7.6327","7.6719","7.6835","7.6162","","-0.50%"
"11/04/2014","7.6707","7.6369","7.6918","7.6363","","0.45%"
"11/03/2014","7.6362","7.6516","7.6543","7.6057","","-0.25%"
"10/31/2014","7.6552","7.7123","7.7156","7.6320","","-0.72%"
"10/30/2014","7.7110","7.7200","7.7249","7.6719","","-0.10%"
"10/29/2014","7.7184","7.7853","7.8047","7.7188","","-0.85%"
"10/28/2014","7.7843","7.7671","7.8039","7.7544","","0.24%"
"10/27/2014","7.7655","7.7577","7.7830","7.7466","","0.20%"
"10/24/2014","7.7500","7.7394","7.7665","7.7297","","0.17%"
"10/23/2014","7.7369","7.7390","7.7580","7.7184","","-0.01%"
"10/22/2014","7.7380","7.7831","7.7945","7.7314","","-0.56%"
"10/21/2014","7.7816","7.8387","7.8586","7.7820","","-0.70%"
"10/20/2014","7.8366","7.8139","7.8489","7.7959","","0.28%"
"10/17/2014","7.8146","7.8436","7.8616","7.8041","","-0.35%"
"10/16/2014","7.8417","7.8638","7.8690","7.7799","","-0.26%"
"10/15/2014","7.8619","7.7543","7.8941","7.7325","","1.40%"
"10/14/2014","7.7530","7.8116","7.8220","7.7427","","-0.74%"
"10/13/2014","7.8106","7.7478","7.8174","7.7374","","0.89%"
"10/10/2014","7.7414","7.7798","7.7983","7.7282","","-0.48%"
"10/09/2014","7.7788","7.8174","7.8442","7.7633","","-0.48%"
"10/08/2014","7.8162","7.7779","7.8273","7.7469","","0.51%"
"10/07/2014","7.7763","7.7696","7.7858","7.7251","","0.13%"
"10/06/2014","7.7664","7.6793","7.7812","7.6756","","1.09%"
"10/03/2014","7.6829","7.7766","7.7815","7.6738","","-1.19%"
"10/02/2014","7.7756","7.7484","7.7956","7.7428","","0.36%"
"10/01/2014","7.7480","7.7539","7.7594","7.7247","","-0.06%"
"09/30/2014","7.7529","7.8010","7.8079","7.7168","","-0.60%"
"09/29/2014","7.8000","7.7723","7.8207","7.7609","","0.38%"
"09/26/2014","7.7704","7.8241","7.8305","7.7671","","-0.66%"
"09/25/2014","7.8221","7.8426","7.8466","7.7945","","-0.22%"
"09/24/2014","7.8394","7.8856","7.8956","7.8389","","-0.55%"
"09/23/2014","7.8827","7.8903","7.9193","7.8833","","-0.08%"
"09/22/2014","7.8893","7.8771","7.8999","7.8697","","0.16%"
"09/19/2014","7.8768","7.9354","7.9394","7.8774","","-0.72%"
"09/18/2014","7.9341","7.8982","7.9406","7.8791","","0.47%"
"09/17/2014","7.8972","7.9650","7.9699","7.8896","","-0.84%"
"09/16/2014","7.9645","7.9475","7.9871","7.9447","","0.22%"
"09/15/2014","7.9471","7.9604","7.9673","7.9281","","-0.07%"
"09/12/2014","7.9526","7.9228","7.9628","7.9169","","0.38%"
"09/11/2014","7.9224","7.9177","7.9399","7.9065","","0.09%"
"09/10/2014","7.9154","7.9391","7.9480","7.8965","","-0.27%"
"09/09/2014","7.9372","7.9197","7.9520","7.8899","","0.24%"
"09/08/2014","7.9181","7.9477","7.9603","7.9099","","-0.42%"
"09/05/2014","7.9513","7.9458","7.9747","7.9320","","0.07%"
"09/04/2014","7.9454","8.0737","8.0786","7.9307","","-1.61%"
"09/03/2014","8.0752","8.0733","8.0823","8.0619","","0.03%"
"09/02/2014","8.0729","8.0636","8.0776","8.0581","","0.14%"
"09/01/2014","8.0619","8.0709","8.0746","8.0555","","-0.06%"
"08/29/2014","8.0670","8.0956","8.1077","8.0672","","-0.37%"
"08/28/2014","8.0968","8.1047","8.1220","8.0833","","-0.09%"
"08/27/2014","8.1038","8.1023","8.1159","8.0875","","0.04%"
"08/26/2014","8.1006","8.1188","8.1326","8.0992","","-0.21%"
"08/25/2014","8.1177","8.1317","8.1330","8.1094","","-0.34%"
"08/22/2014","8.1452","8.1704","8.1903","8.1323","","-0.29%"
"08/21/2014","8.1691","8.1413","8.1750","8.1361","","0.36%"
"08/20/2014","8.1397","8.1796","8.1863","8.1383","","-0.48%"
"08/19/2014","8.1789","8.2089","8.2114","8.1756","","-0.35%"
"08/18/2014","8.2076","8.2327","8.2373","8.2025","","-0.34%"
"08/15/2014","8.2358","8.2234","8.2450","8.2120","","0.19%"
"08/14/2014","8.2203","8.2237","8.2496","8.2134","","-0.03%"
"08/13/2014","8.2230","8.2329","8.2557","8.2101","","-0.11%"
"08/12/2014","8.2320","8.2367","8.2379","8.2123","","-0.04%"
"08/11/2014","8.2355","8.2499","8.2583","8.2330","","-0.23%"
"08/08/2014","8.2548","8.2347","8.2696","8.2165","","0.26%"
"08/07/2014","8.2334","8.2477","8.2538","8.2184","","-0.15%"
"08/06/2014","8.2460","8.2542","8.2561","8.2168","","-0.08%"
"08/05/2014","8.2530","8.2928","8.2943","8.2428","","-0.46%"
"08/04/2014","8.2915","8.2982","8.3040","8.2844","","-0.08%"
"08/01/2014","8.2982","8.2673","8.3090","8.2618","","0.40%"
"07/31/2014","8.2653","8.2678","8.2768","8.2553","","-0.02%"
"07/30/2014","8.2669","8.2871","8.2949","8.2491","","-0.24%"
"07/29/2014","8.2868","8.3160","8.3169","8.2840","","-0.34%"
"07/28/2014","8.3147","8.3170","8.3200","8.3057","","0.00%"
"07/25/2014","8.3143","8.3406","8.3512","8.3098","","-0.30%"
"07/24/2014","8.3395","8.3457","8.3539","8.3209","","-0.07%"
"07/23/2014","8.3453","8.3527","8.3567","8.3405","","-0.07%"
"07/22/2014","8.3510","8.3972","8.4003","8.3486","","-0.54%"
"07/21/2014","8.3962","8.3982","8.4093","8.3903","","0.01%"
"07/18/2014","8.3950","8.3916","8.4050","8.3752","","0.05%"
"07/17/2014","8.3906","8.3909","8.4013","8.3851","","0.00%"
"07/16/2014","8.3902","8.4236","8.4293","8.3881","","-0.40%"
"07/15/2014","8.4242","8.4527","8.4640","8.4190","","-0.33%"
"07/14/2014","8.4518","8.4390","8.4666","8.4339","","0.12%"
"07/11/2014","8.4416","8.4417","8.4533","8.4316","","0.01%"
"07/10/2014","8.4407","8.4595","8.4633","8.4290","","-0.21%"
"07/09/2014","8.4585","8.4418","8.4619","8.4321","","0.21%"
"07/08/2014","8.4408","8.4406","8.4455","8.4269","","0.02%"
"07/07/2014","8.4394","8.4360","8.4443","8.4179","","0.08%"
"07/04/2014","8.4328","8.4552","8.4561","8.4275","","-0.25%"
"07/03/2014","8.4539","8.4837","8.4919","8.4458","","-0.34%"
"07/02/2014","8.4824","8.4807","8.4995","8.4722","","0.02%"
"07/01/2014","8.4803","8.4942","8.4978","8.4785","","-0.15%"
"06/30/2014","8.4933","8.4861","8.4980","8.4596","","0.09%"
"06/27/2014","8.4857","8.4715","8.4892","8.4631","","0.18%"
"06/26/2014","8.4708","8.4968","8.5026","8.4494","","-0.30%"
"06/25/2014","8.4967","8.4784","8.5111","8.4743","","0.23%"
"06/24/2014","8.4770","8.4701","8.4924","8.4624","","0.11%"
"06/23/2014","8.4679","8.4622","8.4791","8.4502","","0.05%"
"06/20/2014","8.4640","8.4770","8.4912","8.4429","","-0.14%"
"06/19/2014","8.4760","8.4719","8.5025","8.4547","","0.06%"
"06/18/2014","8.4709","8.4357","8.4747","8.4309","","0.44%"
"06/17/2014","8.4335","8.4525","8.4613","8.4286","","-0.19%"
"06/16/2014","8.4492","8.4058","8.4566","8.4005","","0.49%"
"06/13/2014","8.4082","8.4276","8.4374","8.3956","","-0.20%"
"06/12/2014","8.4253","8.4282","8.4403","8.4021","","-0.02%"
"06/11/2014","8.4273","8.4326","8.4441","8.4179","","-0.05%"
"06/10/2014","8.4317","8.4831","8.4840","8.4236","","-0.58%"
"06/09/2014","8.4810","8.5288","8.5319","8.4756","","-0.52%"
"06/06/2014","8.5254","8.5471","8.5512","8.5135","","-0.20%"
"06/05/2014","8.5428","8.4996","8.5530","8.4486","","0.53%"
"06/04/2014","8.4979","8.5241","8.5260","8.4977","","-0.28%"
"06/03/2014","8.5218","8.4956","8.5363","8.4928","","0.35%"
"06/02/2014","8.4923","8.5191","8.5262","8.4894","","-0.26%"
"05/30/2014","8.5148","8.4850","8.5287","8.4824","","0.37%"
"05/29/2014","8.4836","8.4992","8.5173","8.4806","","-0.17%"
"05/28/2014","8.4979","8.5201","8.5402","8.4976","","-0.21%"
"05/27/2014","8.5160","8.5144","8.5362","8.5063","","0.03%"
"05/26/2014","8.5134","8.4986","8.5203","8.4902","","0.14%"
"05/23/2014","8.5019","8.5143","8.5178","8.4911","","-0.13%"
"05/22/2014","8.5130","8.5315","8.5346","8.5074","","-0.21%"
"05/21/2014","8.5312","8.5481","8.5597","8.4997","","-0.18%"
"05/20/2014","8.5469","8.5509","8.5562","8.5325","","-0.03%"
"05/19/2014","8.5493","8.5417","8.5681","8.5330","","0.17%"
"05/16/2014","8.5345","8.5425","8.5586","8.5305","","-0.09%"
"05/15/2014","8.5419","8.5430","8.5566","8.5036","","0.00%"
"05/14/2014","8.5420","8.5361","8.5533","8.5290","","0.09%"
"05/13/2014","8.5344","8.5813","8.5920","8.5270","","-0.53%"
"05/12/2014","8.5800","8.5655","8.5917","8.5621","","0.15%"
"05/09/2014","8.5669","8.6190","8.6298","8.5596","","-0.61%"
"05/08/2014","8.6193","8.6732","8.7152","8.6150","","-0.61%"
"05/07/2014","8.6723","8.6710","8.6914","8.6603","","0.04%"
"05/06/2014","8.6690","8.6660","8.6865","8.6442","","0.05%"
"05/05/2014","8.6647","8.6824","8.6968","8.6580","","-0.19%"
"05/02/2014","8.6814","8.6814","8.6896","8.6451","","0.01%"
"05/01/2014","8.6807","8.6798","8.6943","8.6764","","0.02%"
"04/30/2014","8.6789","8.6439","8.6861","8.6232","","0.42%"
"04/29/2014","8.6426","8.6601","8.6834","8.6393","","-0.18%"
"04/28/2014","8.6584","8.6532","8.6795","8.6329","","0.11%"
"04/25/2014","8.6491","8.6438","8.6613","8.6391","","0.09%"
"04/24/2014","8.6415","8.6185","8.6525","8.6167","","0.28%"
"04/23/2014","8.6176","8.6109","8.6426","8.6063","","0.10%"
"04/22/2014","8.6093","8.5891","8.6237","8.5867","","0.25%"
"04/21/2014","8.5875","8.5982","8.6214","8.5854","","-0.11%"
"04/18/2014","8.5972","8.5910","8.6048","8.5870","","0.08%"
"04/17/2014","8.5907","8.5952","8.6234","8.5885","","-0.03%"
"04/16/2014","8.5929","8.5948","8.6183","8.5874","","0.00%"
"04/15/2014","8.5931","8.5951","8.6075","8.5778","","0.00%"
"04/14/2014","8.5929","8.5947","8.6134","8.5873","","-0.35%"
"04/11/2014","8.6235","8.6274","8.6375","8.6108","","-0.04%"
"04/10/2014","8.6270","8.5909","8.6355","8.5849","","0.42%"
"04/09/2014","8.5905","8.5492","8.5959","8.5308","","0.50%"
"04/08/2014","8.5476","8.5367","8.5591","8.5224","","0.15%"
"04/07/2014","8.5350","8.5090","8.5416","8.5040","","0.28%"
"04/04/2014","8.5114","8.5211","8.5311","8.4935","","-0.09%"
"04/03/2014","8.5192","8.5437","8.5748","8.5074","","-0.27%"
"04/02/2014","8.5424","8.5612","8.5784","8.5343","","-0.20%"
"04/01/2014","8.5599","8.5607","8.5758","8.5365","","0.00%"
"03/31/2014","8.5600","8.5455","8.5844","8.5384","","0.21%"
"03/28/2014","8.5423","8.5368","8.5564","8.5117","","0.08%"
"03/27/2014","8.5351","8.5581","8.5739","8.5293","","-0.24%"
"03/26/2014","8.5558","8.5748","8.5894","8.5541","","-0.20%"
"03/25/2014","8.5729","8.5742","8.5878","8.5267","","-0.01%"
"03/24/2014","8.5735","8.5856","8.5977","8.5255","","-0.13%"
"03/21/2014","8.5846","8.5806","8.5984","8.5673","","0.05%"
"03/20/2014","8.5800","8.5701","8.6287","8.5574","","0.16%"
"03/19/2014","8.5667","8.6274","8.6434","8.5552","","-0.70%"
"03/18/2014","8.6270","8.6015","8.6333","8.5946","","0.32%"
"03/17/2014","8.5996","8.5547","8.6176","8.5427","","0.50%"
"03/14/2014","8.5571","8.5099","8.5719","8.5026","","0.56%"
"03/13/2014","8.5093","8.5441","8.5710","8.4952","","-0.40%"
"03/12/2014","8.5431","8.5100","8.5509","8.5047","","0.40%"
"03/11/2014","8.5090","8.5181","8.5210","8.4937","","-0.10%"
"03/10/2014","8.5175","8.5005","8.5382","8.4950","","0.20%"
"03/07/2014","8.5002","8.4806","8.5251","8.4554","","0.25%"
"03/06/2014","8.4787","8.4157","8.4880","8.3874","","0.76%"
"03/05/2014","8.4150","8.4434","8.4446","8.4000","","-0.32%"
"03/04/2014","8.4417","8.4419","8.4674","8.4321","","0.01%"
"03/03/2014","8.4409","8.4713","8.4843","8.4361","","-0.47%"
"02/28/2014","8.4811","8.4011","8.4956","8.3981","","0.96%"
"02/27/2014","8.4001","8.3833","8.4125","8.3607","","0.21%"
"02/26/2014","8.3823","8.4179","8.4306","8.3671","","-0.42%"
"02/25/2014","8.4179","8.3762","8.4323","8.3729","","0.51%"
"02/24/2014","8.3753","8.3676","8.3978","8.3598","","0.09%"
"02/21/2014","8.3675","8.3453","8.3813","8.3432","","0.27%"
"02/20/2014","8.3449","8.3451","8.3746","8.3259","","0.01%"
"02/19/2014","8.3438","8.3478","8.3676","8.3394","","-0.03%"
"02/18/2014","8.3465","8.3120","8.3550","8.3041","","0.42%"
"02/17/2014","8.3112","8.3037","8.3237","8.3026","","0.07%"
"02/14/2014","8.3052","8.2953","8.3212","8.2884","","0.14%"
"02/13/2014","8.2937","8.2416","8.3032","8.2358","","0.67%"
"02/12/2014","8.2387","8.2655","8.2773","8.2219","","-0.30%"
"02/11/2014","8.2636","8.2689","8.2940","8.2600","","-0.04%"
"02/10/2014","8.2670","8.2653","8.2725","8.2514","","0.02%"
"02/07/2014","8.2656","8.2365","8.2714","8.2171","","0.38%"
"02/06/2014","8.2343","8.2023","8.2553","8.1729","","0.41%"
"02/05/2014","8.2010","8.1941","8.2159","8.1814","","0.11%"
"02/04/2014","8.1919","8.1971","8.2059","8.1780","","-0.04%"
"02/03/2014","8.1955","8.1780","8.2044","8.1681","","0.29%"
"01/31/2014","8.1719","8.2162","8.2241","8.1696","","-0.52%"
"01/30/2014","8.2143","8.2735","8.2762","8.2084","","-0.71%"
"01/29/2014","8.2729","8.2709","8.2874","8.2374","","0.04%"
"01/28/2014","8.2700","8.2699","8.2820","8.2467","","0.03%"
"01/27/2014","8.2673","8.2724","8.2962","8.2574","","-0.05%"
"01/24/2014","8.2715","8.2878","8.3112","8.2646","","-0.19%"
"01/23/2014","8.2869","8.1980","8.2906","8.1874","","1.10%"
"01/22/2014","8.1964","8.2049","8.2198","8.1901","","-0.09%"
"01/21/2014","8.2036","8.2027","8.2117","8.1779","","0.03%"
"01/20/2014","8.2011","8.1939","8.2132","8.1724","","0.12%"
"01/17/2014","8.1911","8.2480","8.2495","8.1779","","-0.69%"
"01/16/2014","8.2482","8.2256","8.2664","8.2138","","0.29%"
"01/15/2014","8.2242","8.2647","8.2665","8.2111","","-0.46%"
"01/14/2014","8.2624","8.2618","8.2762","8.2448","","0.01%"
"01/13/2014","8.2617","8.2736","8.2812","8.2413","","-0.11%"
"01/10/2014","8.2711","8.2400","8.2842","8.2160","","0.41%"
"01/09/2014","8.2371","8.2149","8.2557","8.2037","","0.28%"
"01/08/2014","8.2142","8.2393","8.2553","8.2016","","-0.29%"
"01/07/2014","8.2380","8.2486","8.2644","8.2275","","-0.12%"
"01/06/2014","8.2476","8.2240","8.2643","8.2146","","0.33%"
"01/03/2014","8.2208","8.2719","8.2737","8.2191","","-0.61%"
"01/02/2014","8.2709","8.3279","8.3391","8.2467","","-0.65%"
"01/01/2014","8.3250","8.3218","8.3357","8.3191","","0.05%"
"12/31/2013","8.3208","8.3670","8.3732","8.3194","","-0.55%"
"12/30/2013","8.3670","8.3405","8.3774","8.3249","","0.34%"
"12/27/2013","8.3386","8.3172","8.4311","8.3141","","0.27%"
"12/26/2013","8.3165","8.3060","8.3238","8.2955","","0.15%"
"12/25/2013","8.3042","8.3082","8.3237","8.2938","","-0.03%"
"12/24/2013","8.3066","8.3137","8.3186","8.2903","","-0.07%"
"12/23/2013","8.3125","8.3005","8.3265","8.2975","","0.15%"
"12/20/2013","8.2998","8.2952","8.3239","8.2723","","0.07%"
"12/19/2013","8.2943","8.3092","8.3153","8.2879","","-0.16%"
"12/18/2013","8.3074","8.3590","8.3867","8.3029","","-0.59%"
"12/17/2013","8.3569","8.3550","8.3681","8.3314","","0.03%"
"12/16/2013","8.3541","8.3422","8.3781","8.3328","","0.14%"
"12/13/2013","8.3422","8.3514","8.3611","8.3231","","-0.09%"
"12/12/2013","8.3501","8.3708","8.3857","8.3401","","-0.23%"
"12/11/2013","8.3691","8.3543","8.3856","8.3427","","0.20%"
"12/10/2013","8.3524","8.3424","8.3756","8.3388","","0.15%"
"12/09/2013","8.3401","8.3494","8.3600","8.3154","","0.08%"
"12/06/2013","8.3335","8.3253","8.3365","8.2886","","0.13%"
"12/05/2013","8.3230","8.2809","8.3320","8.2495","","0.52%"
"12/04/2013","8.2799","8.2793","8.2876","8.2407","","0.03%"
"12/03/2013","8.2776","8.2508","8.2945","8.2398","","0.34%"
"12/02/2013","8.2495","8.2810","8.2975","8.2411","","-0.35%"
"11/29/2013","8.2787","8.2887","8.3005","8.2743","","-0.11%"
"11/28/2013","8.2877","8.2732","8.2973","8.2634","","0.19%"
"11/27/2013","8.2720","8.2690","8.2939","8.2591","","0.05%"
"11/26/2013","8.2681","8.2351","8.2711","8.2339","","0.43%"
"11/25/2013","8.2328","8.2569","8.2633","8.2190","","-0.35%"
"11/22/2013","8.2616","8.2142","8.2624","8.2012","","0.59%"
"11/21/2013","8.2134","8.1890","8.2178","8.1632","","0.32%"
"11/20/2013","8.1871","8.2496","8.2734","8.1738","","-0.74%"
"11/19/2013","8.2479","8.2271","8.2548","8.2175","","0.27%"
"11/18/2013","8.2258","8.2260","8.2502","8.2079","","0.06%"
"11/15/2013","8.2212","8.1995","8.2281","8.1831","","0.28%"
"11/14/2013","8.1980","8.2175","8.2245","8.1745","","-0.21%"
"11/13/2013","8.2153","8.1849","8.2230","8.1584","","0.38%"
"11/12/2013","8.1842","8.1664","8.1979","8.1383","","0.23%"
"11/11/2013","8.1651","8.1382","8.1728","8.1276","","0.28%"
"11/08/2013","8.1427","8.1737","8.1851","8.1110","","-0.36%"
"11/07/2013","8.1724","8.2328","8.2479","8.0987","","-0.71%"
"11/06/2013","8.2310","8.2148","8.2547","8.2094","","0.20%"
"11/05/2013","8.2146","8.2430","8.2479","8.1993","","-0.31%"
"11/04/2013","8.2402","8.2276","8.2491","8.2000","","0.19%"
"11/01/2013","8.2249","8.2785","8.2827","8.2218","","-0.63%"
"10/31/2013","8.2773","8.3701","8.3723","8.2733","","-1.10%"
"10/30/2013","8.3696","8.3713","8.4003","8.3461","","-0.01%"
"10/29/2013","8.3703","8.3883","8.4130","8.3655","","-0.21%"
"10/28/2013","8.3880","8.3974","8.4090","8.3828","","-0.12%"
"10/25/2013","8.3981","8.3941","8.4142","8.3801","","0.07%"
"10/24/2013","8.3919","8.3809","8.4090","8.3730","","0.15%"
"10/23/2013","8.3791","8.3966","8.3987","8.3590","","-0.20%"
"10/22/2013","8.3955","8.3362","8.4036","8.3248","","0.73%"
"10/21/2013","8.3350","8.3447","8.3484","8.3164","","-0.09%"
"10/18/2013","8.3426","8.3396","8.3554","8.3217","","0.04%"
"10/17/2013","8.3390","8.2558","8.3439","8.2439","","1.02%"
"10/16/2013","8.2552","8.2526","8.2765","8.2183","","0.03%"
"10/15/2013","8.2525","8.2832","8.2881","8.2258","","-0.36%"
"10/14/2013","8.2822","8.2904","8.3055","8.2729","","-0.07%"
"10/11/2013","8.2876","8.2682","8.3133","8.2651","","0.24%"
"10/10/2013","8.2677","8.2782","8.2845","8.2540","","-0.13%"
"10/09/2013","8.2785","8.3085","8.3281","8.2549","","-0.33%"
"10/08/2013","8.3063","8.3143","8.3296","8.2948","","-0.06%"
"10/07/2013","8.3116","8.2980","8.3204","8.2898","","0.18%"
"10/04/2013","8.2969","8.3363","8.3452","8.2873","","-0.44%"
"10/03/2013","8.3336","8.3118","8.3537","8.3109","","0.30%"
"10/02/2013","8.3085","8.2800","8.3299","8.2683","","0.38%"
"10/01/2013","8.2773","8.2806","8.3185","8.2742","","0.01%"
"09/30/2013","8.2767","8.2490","8.2987","8.2423","","0.06%"
"09/27/2013","8.2720","8.2566","8.3016","8.2478","","0.22%"
"09/26/2013","8.2538","8.2779","8.2807","8.2465","","-0.27%"
"09/25/2013","8.2759","8.2470","8.2856","8.2404","","0.36%"
"09/24/2013","8.2459","8.2591","8.2746","8.2412","","-0.15%"
"09/23/2013","8.2582","8.2918","8.2979","8.2508","","-0.22%"
"09/20/2013","8.2768","8.2823","8.2939","8.2621","","-0.05%"
"09/19/2013","8.2811","8.2768","8.3062","8.2639","","0.06%"
"09/18/2013","8.2762","8.1774","8.2896","8.1645","","1.22%"
"09/17/2013","8.1762","8.1605","8.1845","8.1562","","0.20%"
"09/16/2013","8.1595","8.1429","8.1930","8.1365","","0.33%"
"09/13/2013","8.1328","8.1363","8.1518","8.1099","","-0.02%"
"09/12/2013","8.1348","8.1440","8.1529","8.1124","","-0.10%"
"09/11/2013","8.1428","8.1204","8.1529","8.1048","","0.30%"
"09/10/2013","8.1187","8.1130","8.1252","8.0968","","0.08%"
"09/09/2013","8.1126","8.0607","8.1296","8.0532","","0.58%"
"09/06/2013","8.0658","8.0290","8.0726","8.0203","","0.47%"
"09/05/2013","8.0280","8.0831","8.0927","8.0232","","-0.68%"
"09/04/2013","8.0826","8.0609","8.0902","8.0502","","0.28%"
"09/03/2013","8.0600","8.0730","8.0778","8.0416","","-0.14%"
"09/02/2013","8.0715","8.0986","8.1004","8.0678","","-0.24%"
"08/30/2013","8.0909","8.1041","8.1127","8.0612","","-0.15%"
"08/29/2013","8.1033","8.1646","8.1673","8.0906","","-0.74%"
"08/28/2013","8.1637","8.1988","8.2008","8.1431","","-0.41%"
"08/27/2013","8.1975","8.1832","8.2034","8.1571","","0.20%"
"08/26/2013","8.1815","8.1917","8.1993","8.1758","","-0.09%"
"08/23/2013","8.1892","8.1754","8.2086","8.1611","","0.19%"
"08/22/2013","8.1734","8.1787","8.1864","8.1398","","-0.05%"
"08/21/2013","8.1777","8.2171","8.2235","8.1656","","-0.47%"
"08/20/2013","8.2161","8.1658","8.2394","8.1581","","0.65%"
"08/19/2013","8.1634","8.1501","8.1897","8.1455","","0.16%"
"08/16/2013","8.1500","8.1590","8.1822","8.1397","","-0.08%"
"08/15/2013","8.1569","8.1119","8.1688","8.0722","","0.57%"
"08/14/2013","8.1109","8.1193","8.1269","8.1017","","-0.08%"
"08/13/2013","8.1174","8.1427","8.1559","8.1009","","-0.29%"
"08/12/2013","8.1408","8.1660","8.1697","8.1286","","-0.33%"
"08/09/2013","8.1676","8.1914","8.1977","8.1621","","-0.26%"
"08/08/2013","8.1889","8.1615","8.2033","8.1531","","0.35%"
"08/07/2013","8.1603","8.1456","8.1670","8.1171","","0.19%"
"08/06/2013","8.1447","8.1204","8.1566","8.1100","","0.31%"
"08/05/2013","8.1192","8.1372","8.1480","8.1042","","-0.26%"
"08/02/2013","8.1403","8.0965","8.1494","8.0858","","0.55%"
"08/01/2013","8.0955","8.1530","8.1585","8.0901","","-0.68%"
"07/31/2013","8.1508","8.1325","8.1790","8.0987","","0.24%"
"07/30/2013","8.1316","8.1329","8.1567","8.1147","","0.00%"
"07/29/2013","8.1314","8.1432","8.1559","8.1188","","-0.12%"
"07/26/2013","8.1415","8.1451","8.1547","8.1257","","-0.03%"
"07/25/2013","8.1442","8.0995","8.1570","8.0767","","0.55%"
"07/24/2013","8.0993","8.1158","8.1356","8.0851","","-0.18%"
"07/23/2013","8.1136","8.0971","8.1256","8.0787","","0.23%"
"07/22/2013","8.0949","8.0689","8.1177","8.0597","","0.36%"
"07/19/2013","8.0662","8.0513","8.0738","8.0381","","0.20%"
"07/18/2013","8.0500","8.0526","8.0592","8.0246","","-0.02%"
"07/17/2013","8.0517","8.0749","8.0848","8.0275","","-0.27%"
"07/16/2013","8.0736","8.0169","8.0829","8.0096","","0.71%"
"07/15/2013","8.0165","8.0233","8.0321","7.9749","","-0.03%"
"07/12/2013","8.0190","8.0349","8.0400","7.9782","","-0.18%"
"07/11/2013","8.0332","7.9596","8.0986","7.9523","","0.93%"
"07/10/2013","7.9590","7.8338","7.9649","7.8282","","1.61%"
"07/09/2013","7.8332","7.8949","7.9062","7.8182","","-0.76%"
"07/08/2013","7.8935","7.8666","7.9025","7.8556","","0.33%"
"07/05/2013","7.8679","7.9106","7.9130","7.8534","","-0.53%"
"07/04/2013","7.9100","7.9753","7.9851","7.8919","","-0.82%"
"07/03/2013","7.9753","7.9600","7.9891","7.9246","","0.20%"
"07/02/2013","7.9591","8.0117","8.0203","7.9502","","-0.65%"
"07/01/2013","8.0109","7.9850","8.0139","7.9761","","0.34%"
"06/28/2013","7.9835","8.0168","8.0427","7.9734","","-0.39%"
"06/27/2013","8.0150","7.9982","8.0288","7.9933","","0.22%"
"06/26/2013","7.9976","8.0412","8.0433","7.9816","","-0.50%"
"06/25/2013","8.0380","8.0621","8.0847","8.0285","","-0.26%"
"06/24/2013","8.0592","8.0455","8.0778","8.0249","","0.15%"
"06/21/2013","8.0475","8.1015","8.1264","8.0338","","-0.64%"
"06/20/2013","8.0996","8.1454","8.1506","8.0657","","-0.54%"
"06/19/2013","8.1438","8.2082","8.2214","8.1252","","-0.78%"
"06/18/2013","8.2076","8.1882","8.2220","8.1699","","0.25%"
"06/17/2013","8.1870","8.1810","8.1968","8.1565","","0.06%"
"06/14/2013","8.1819","8.2048","8.2057","8.1506","","-0.27%"
"06/13/2013","8.2037","8.1806","8.2248","8.1456","","0.30%"
"06/12/2013","8.1794","8.1658","8.1944","8.1364","","0.17%"
"06/11/2013","8.1659","8.1312","8.1689","8.1159","","0.44%"
"06/10/2013","8.1303","8.1011","8.1392","8.0821","","0.26%"
"06/07/2013","8.1094","8.1283","8.1487","8.0910","","-0.22%"
"06/06/2013","8.1270","8.0238","8.1649","8.0121","","1.30%"
"06/05/2013","8.0229","8.0169","8.0369","7.9983","","0.10%"
"06/04/2013","8.0149","8.0178","8.0298","7.9930","","-0.02%"
"06/03/2013","8.0165","7.8878","8.0377","7.8878","","0.56%"
"05/31/2013","7.9718","8.0009","8.0099","7.9409","","-0.34%"
"05/30/2013","7.9993","7.9286","8.0082","7.9237","","0.92%"
"05/29/2013","7.9263","7.8698","7.9515","7.8597","","0.74%"
"05/28/2013","7.8683","7.9156","7.9274","7.8652","","-0.56%"
"05/27/2013","7.9127","7.9291","7.9386","7.9098","","-0.18%"
"05/24/2013","7.9269","7.9349","7.9683","7.9110","","-0.09%"
"05/23/2013","7.9339","7.8831","7.9475","7.8622","","0.66%"
"05/22/2013","7.8819","7.9189","7.9698","7.8678","","-0.45%"
"05/21/2013","7.9176","7.9084","7.9358","7.8787","","0.13%"
"05/20/2013","7.9077","7.8719","7.9204","7.8676","","0.30%"
"05/17/2013","7.8838","7.9208","7.9263","7.8584","","-0.46%"
"05/16/2013","7.9201","7.9199","7.9506","7.8982","","0.01%"
"05/15/2013","7.9190","7.9362","7.9551","7.8932","","-0.20%"
"05/14/2013","7.9350","7.9758","8.0071","7.9332","","-0.49%"
"05/13/2013","7.9739","7.9587","8.0092","7.9522","","-0.06%"
"05/10/2013","7.9790","7.9969","8.0144","7.9445","","-0.20%"
"05/09/2013","7.9949","8.0768","8.0866","7.9763","","-1.00%"
"05/08/2013","8.0760","8.0486","8.1032","8.0367","","0.35%"
"05/07/2013","8.0475","8.0633","8.0819","8.0425","","-0.18%"
"05/06/2013","8.0621","8.0732","8.0903","8.0494","","-0.12%"
"05/03/2013","8.0717","8.0429","8.1003","8.0231","","0.38%"
"05/02/2013","8.0411","8.1255","8.1361","8.0253","","-1.01%"
"05/01/2013","8.1232","8.1181","8.1643","8.1129","","0.08%"
"04/30/2013","8.1164","8.0756","8.1295","8.0490","","0.53%"
"04/29/2013","8.0739","8.0336","8.0860","8.0317","","0.55%"
"04/26/2013","8.0301","8.0295","8.0430","8.0089","","0.01%"
"04/25/2013","8.0293","8.0421","8.0807","8.0156","","-0.14%"
"04/24/2013","8.0403","8.0327","8.0538","8.0032","","0.11%"
"04/23/2013","8.0315","8.0782","8.0824","8.0139","","-0.57%"
"04/22/2013","8.0778","8.0803","8.0893","8.0467","","0.21%"
"04/19/2013","8.0611","8.0691","8.1106","8.0596","","-0.06%"
"04/18/2013","8.0657","8.0462","8.0956","8.0370","","0.29%"
"04/17/2013","8.0427","8.1504","8.1541","8.0246","","-1.29%"
"04/16/2013","8.1478","8.0702","8.1628","8.0554","","0.97%"
"04/15/2013","8.0698","8.1198","8.1201","8.0557","","-0.56%"
"04/12/2013","8.1151","8.1219","8.1293","8.0721","","-0.05%"
"04/11/2013","8.1194","8.0935","8.1417","8.0792","","0.31%"
"04/10/2013","8.0941","8.1135","8.1299","8.0842","","-0.23%"
"04/09/2013","8.1131","8.0752","8.1280","8.0665","","0.47%"
"04/08/2013","8.0752","8.0591","8.0879","8.0466","","0.26%"
"04/05/2013","8.0545","8.0192","8.0867","8.0000","","0.44%"
"04/04/2013","8.0191","7.9658","8.0310","7.9048","","0.70%"
"04/03/2013","7.9631","7.9500","7.9776","7.9317","","0.23%"
"04/02/2013","7.9445","7.9761","7.9925","7.9398","","-0.36%"
"04/01/2013","7.9733","7.9570","7.9885","7.9283","","0.16%"
"03/29/2013","7.9607","7.9645","7.9782","7.9448","","-0.04%"
"03/28/2013","7.9642","7.9403","7.9825","7.9266","","0.30%"
"03/27/2013","7.9406","7.9864","7.9923","7.9235","","-0.54%"
"03/26/2013","7.9834","7.9805","8.0062","7.9675","","0.00%"
"03/25/2013","7.9836","8.0569","8.1057","7.9681","","-1.03%"
"03/22/2013","8.0663","8.0140","8.0818","8.0072","","0.62%"
"03/21/2013","8.0168","8.0378","8.0498","8.0040","","-0.20%"
"03/20/2013","8.0330","7.9962","8.0627","7.9906","","0.41%"
"03/19/2013","8.0005","8.0575","8.0620","7.9834","","-0.63%"
"03/18/2013","8.0511","8.0269","8.0778","8.0066","","-0.90%"
"03/15/2013","8.1245","8.0824","8.1447","8.0793","","0.55%"
"03/14/2013","8.0801","8.0528","8.1007","8.0248","","0.37%"
"03/13/2013","8.0505","8.0987","8.1191","8.0300","","-0.60%"
"03/12/2013","8.0994","8.1100","8.1280","8.0752","","-0.13%"
"03/11/2013","8.1100","8.0760","8.1174","8.0661","","0.40%"
"03/08/2013","8.0776","8.1519","8.1633","8.0514","","-0.89%"
"03/07/2013","8.1501","8.0692","8.1603","8.0608","","0.92%"
"03/06/2013","8.0758","8.1175","8.1308","8.0727","","-0.46%"
"03/05/2013","8.1132","8.1098","8.1346","8.0932","","0.10%"
"03/04/2013","8.1051","8.0975","8.1124","8.0811","","0.05%"
"03/01/2013","8.1012","8.1274","8.1537","8.0686","","-0.34%"
"02/28/2013","8.1288","8.1821","8.1970","8.1205","","-0.67%"
"02/27/2013","8.1837","8.1361","8.1874","8.1209","","0.60%"
"02/26/2013","8.1348","8.1549","8.1747","8.1093","","-0.13%"
"02/25/2013","8.1450","8.2406","8.3032","8.1340","","-0.91%"
"02/22/2013","8.2197","8.2294","8.2590","8.1961","","-0.11%"
"02/21/2013","8.2291","8.2863","8.2948","8.2131","","-0.65%"
"02/20/2013","8.2826","8.3608","8.3889","8.2779","","-0.91%"
"02/19/2013","8.3590","8.3349","8.3655","8.3230","","0.32%"
"02/18/2013","8.3325","8.3195","8.3515","8.3086","","0.04%"
"02/15/2013","8.3288","8.3248","8.3475","8.2930","","0.08%"
"02/14/2013","8.3220","8.3827","8.3865","8.2983","","-0.71%"
"02/13/2013","8.3812","8.3849","8.4273","8.3678","","0.01%"
"02/12/2013","8.3806","8.3544","8.3992","8.3297","","0.29%"
"02/11/2013","8.3563","8.3273","8.3690","8.3248","","0.33%"
"02/08/2013","8.3288","8.3491","8.3706","8.3223","","-0.25%"
"02/07/2013","8.3494","8.4249","8.4628","8.3329","","-0.89%"
"02/06/2013","8.4244","8.4623","8.4748","8.4091","","-0.40%"
"02/05/2013","8.4586","8.4239","8.4707","8.3822","","0.41%"
"02/04/2013","8.4240","8.4971","8.5067","8.4171","","-0.89%"
"02/01/2013","8.4996","8.4439","8.5394","8.4405","","0.64%"
"01/31/2013","8.4455","8.4397","8.4541","8.4206","","0.09%"
"01/30/2013","8.4380","8.3991","8.4525","8.3851","","0.47%"
"01/29/2013","8.3982","8.3728","8.4019","8.3493","","0.32%"
"01/28/2013","8.3710","8.3713","8.3868","8.3536","","0.01%"
"01/25/2013","8.3700","8.3180","8.3852","8.3044","","0.66%"
"01/24/2013","8.3152","8.2821","8.3279","8.2615","","0.39%"
"01/23/2013","8.2827","8.2854","8.3044","8.2479","","-0.01%"
"01/22/2013","8.2839","8.2824","8.3180","8.2518","","0.06%"
"01/21/2013","8.2790","8.2699","8.2944","8.2677","","0.05%"
"01/18/2013","8.2749","8.3161","8.3304","8.2541","","-0.47%"
"01/17/2013","8.3136","8.2605","8.3223","8.2491","","0.64%"
"01/16/2013","8.2604","8.2669","8.2838","8.2412","","-0.06%"
"01/15/2013","8.2657","8.3176","8.3273","8.2433","","-0.63%"
"01/14/2013","8.3185","8.3072","8.3314","8.2936","","0.33%"
"01/11/2013","8.2910","8.2526","8.3084","8.2346","","0.53%"
"01/10/2013","8.2473","8.1333","8.2570","8.1145","","1.38%"
"01/09/2013","8.1349","8.1414","8.1541","8.1168","","-0.11%"
"01/08/2013","8.1440","8.1717","8.1835","8.1262","","-0.32%"
"01/07/2013","8.1699","8.1492","8.1735","8.1091","","0.32%"
"01/04/2013","8.1436","8.1324","8.1557","8.0981","","0.18%"
"01/03/2013","8.1290","8.2134","8.2187","8.1293","","-1.05%"
"01/02/2013","8.2150","8.2255","8.2863","8.1969","","-0.02%"
"01/01/2013","8.2169","8.2178","8.2374","8.2118","","-0.04%"
"12/31/2012","8.2200","8.2346","8.2477","8.2062","","-0.22%"
"12/28/2012","8.2384","8.2370","8.2848","8.2044","","-0.20%"
"12/27/2012","8.2550","8.2443","8.2848","8.2331","","0.12%"
"12/26/2012","8.2453","8.2194","8.2649","8.2100","","0.30%"
"12/25/2012","8.2210","8.2225","8.2340","8.2100","","0.00%"
"12/24/2012","8.2207","8.2068","8.2496","8.2034","","0.10%"
"12/21/2012","8.2121","8.2507","8.2572","8.1953","","-0.45%"
"12/20/2012","8.2494","8.2427","8.2837","8.2169","","0.04%"
"12/19/2012","8.2457","8.2433","8.2916","8.2393","","0.07%"
"12/18/2012","8.2396","8.2089","8.2511","8.1969","","0.39%"
"12/17/2012","8.2072","8.2210","8.2316","8.1904","","-0.07%"
"12/14/2012","8.2132","8.1493","8.2226","8.1430","","0.80%"
"12/13/2012","8.1478","8.1738","8.1757","8.1271","","-0.24%"
"12/12/2012","8.1671","8.1239","8.1876","8.1107","","0.57%"
"12/11/2012","8.1210","8.0632","8.1304","8.0565","","0.70%"
"12/10/2012","8.0642","8.0297","8.0660","8.0133","","0.13%"
"12/07/2012","8.0534","8.0787","8.0819","8.0235","","-0.29%"
"12/06/2012","8.0767","8.1355","8.1521","8.0653","","-0.75%"
"12/05/2012","8.1381","8.1518","8.1705","8.1303","","-0.17%"
"12/04/2012","8.1522","8.1299","8.1611","8.1229","","0.32%"
"12/03/2012","8.1265","8.0819","8.1442","8.0813","","0.35%"
"11/30/2012","8.0982","8.0818","8.1162","8.0748","","0.21%"
"11/29/2012","8.0810","8.0589","8.1057","8.0581","","0.30%"
"11/28/2012","8.0569","8.0514","8.0617","8.0206","","0.11%"
"11/27/2012","8.0477","8.0757","8.0991","8.0361","","-0.32%"
"11/26/2012","8.0736","8.0749","8.0842","8.0583","","-0.07%"
"11/23/2012","8.0792","8.0260","8.0920","8.0151","","0.67%"
"11/22/2012","8.0252","7.9915","8.0366","7.9908","","0.45%"
"11/21/2012","7.9894","7.9880","7.9958","7.9377","","0.02%"
"11/20/2012","7.9881","7.9892","7.9964","7.9576","","0.02%"
"11/19/2012","7.9869","7.9504","7.9930","7.9439","","0.57%"
"11/16/2012","7.9420","7.9669","7.9726","7.9130","","-0.28%"
"11/15/2012","7.9644","7.9284","7.9800","7.9163","","0.45%"
"11/14/2012","7.9288","7.9105","7.9552","7.9068","","0.25%"
"11/13/2012","7.9089","7.9163","7.9245","7.8828","","-0.10%"
"11/12/2012","7.9166","7.9402","7.9548","7.9088","","-0.28%"
"11/09/2012","7.9386","7.9600","7.9820","7.9249","","-0.24%"
"11/08/2012","7.9576","7.9723","7.9804","7.9394","","-0.19%"
"11/07/2012","7.9729","8.0035","8.0409","7.9517","","-0.37%"
"11/06/2012","8.0022","7.9891","8.0119","7.9710","","0.19%"
"11/05/2012","7.9870","8.0026","8.0233","7.9732","","-0.29%"
"11/02/2012","8.0101","8.0760","8.0832","8.0019","","-0.80%"
"11/01/2012","8.0749","8.0822","8.1032","8.0641","","-0.10%"
"10/31/2012","8.0828","8.0886","8.1228","8.0760","","-0.05%"
"10/30/2012","8.0868","8.0560","8.1030","8.0480","","0.39%"
"10/29/2012","8.0554","8.0875","8.0884","8.0447","","-0.39%"
"10/26/2012","8.0868","8.0777","8.0956","8.0496","","0.18%"
"10/25/2012","8.0723","8.1021","8.1308","8.0683","","-0.36%"
"10/24/2012","8.1015","8.1123","8.1268","8.0721","","-0.13%"
"10/23/2012","8.1121","8.1723","8.1789","8.0920","","-0.70%"
"10/22/2012","8.1694","8.1453","8.1835","8.1390","","0.32%"
"10/19/2012","8.1430","8.1676","8.1786","8.1378","","-0.29%"
"10/18/2012","8.1664","8.2037","8.2082","8.1601","","-0.46%"
"10/17/2012","8.2044","8.2032","8.2213","8.1852","","0.16%"
"10/16/2012","8.1910","8.1190","8.1934","8.1154","","0.93%"
"10/15/2012","8.1159","8.1208","8.1393","8.0749","","-0.01%"
"10/12/2012","8.1170","8.1155","8.1430","8.0991","","0.03%"
"10/11/2012","8.1149","8.0816","8.1309","8.0535","","0.41%"
"10/10/2012","8.0820","8.0984","8.1143","8.0715","","-0.19%"
"10/09/2012","8.0972","8.1534","8.1666","8.0852","","-0.67%"
"10/08/2012","8.1516","8.1840","8.1868","8.1343","","-0.47%"
"10/05/2012","8.1899","8.1811","8.2154","8.1655","","0.10%"
"10/04/2012","8.1818","8.1124","8.1903","8.1114","","0.88%"
"10/03/2012","8.1108","8.1177","8.1309","8.0925","","-0.08%"
"10/02/2012","8.1170","8.0985","8.1501","8.0938","","0.23%"
"10/01/2012","8.0982","8.0737","8.1322","8.0464","","0.26%"
"09/28/2012","8.0776","8.1391","8.1510","8.0678","","-0.76%"
"09/27/2012","8.1392","8.1129","8.1483","8.0849","","0.37%"
"09/26/2012","8.1094","8.1375","8.1436","8.0886","","-0.30%"
"09/25/2012","8.1337","8.1592","8.1801","8.1227","","-0.28%"
"09/24/2012","8.1564","8.1821","8.1846","8.1330","","-0.30%"
"09/21/2012","8.1809","8.1729","8.2275","8.1701","","0.09%"
"09/20/2012","8.1732","8.2302","8.2400","8.1442","","-0.69%"
"09/19/2012","8.2302","8.2436","8.2604","8.1974","","-0.14%"
"09/18/2012","8.2415","8.2857","8.2891","8.2323","","-0.52%"
"09/17/2012","8.2847","8.2895","8.3211","8.2652","","-0.04%"
"09/14/2012","8.2884","8.2194","8.3164","8.2128","","0.86%"
"09/13/2012","8.2181","8.1617","8.2302","8.1384","","0.71%"
"09/12/2012","8.1600","8.1412","8.1850","8.1044","","0.23%"
"09/11/2012","8.1416","8.0872","8.1549","8.0843","","0.73%"
"09/10/2012","8.0828","8.1243","8.1249","8.0834","","-0.58%"
"09/07/2012","8.1296","8.0125","8.1313","8.0056","","1.48%"
"09/06/2012","8.0110","8.0018","8.0248","7.9674","","0.13%"
"09/05/2012","8.0002","7.9753","8.0165","7.9369","","0.32%"
"09/04/2012","7.9744","7.9804","8.0082","7.9687","","-0.09%"
"09/03/2012","7.9817","7.9874","7.9963","7.9643","","-0.04%"
"08/31/2012","7.9850","7.9409","8.0229","7.9309","","0.55%"
"08/30/2012","7.9412","7.9593","7.9786","7.9291","","-0.21%"
"08/29/2012","7.9582","7.9816","7.9870","7.9508","","-0.27%"
"08/28/2012","7.9800","7.9451","7.9905","7.9235","","0.45%"
"08/27/2012","7.9441","7.9491","7.9692","7.9390","","-0.06%"
"08/24/2012","7.9491","7.9830","7.9892","7.9317","","-0.39%"
"08/23/2012","7.9800","7.9583","7.9998","7.9545","","0.31%"
"08/22/2012","7.9553","7.9260","7.9644","7.8955","","0.38%"
"08/21/2012","7.9252","7.8506","7.9381","7.8486","","0.94%"
"08/20/2012","7.8517","7.8478","7.8664","7.8185","","0.13%"
"08/17/2012","7.8413","7.8661","7.8737","7.8131","","-0.29%"
"08/16/2012","7.8644","7.8169","7.8769","7.8041","","0.60%"
"08/15/2012","7.8175","7.8341","7.8548","7.8020","","-0.20%"
"08/14/2012","7.8332","7.8446","7.8779","7.8315","","-0.15%"
"08/13/2012","7.8448","7.8150","7.8723","7.7977","","0.36%"
"08/10/2012","7.8170","7.8239","7.8344","7.7854","","-0.09%"
"08/09/2012","7.8240","7.8666","7.8779","7.8003","","-0.49%"
"08/08/2012","7.8628","7.8930","7.8985","7.8421","","-0.36%"
"08/07/2012","7.8910","7.9022","7.9220","7.8809","","-0.13%"
"08/06/2012","7.9015","7.9003","7.9299","7.8649","","0.11%"
"08/03/2012","7.8925","7.7578","7.8977","7.7463","","1.75%"
"08/02/2012","7.7569","7.7884","7.8989","7.7259","","-0.38%"
"08/01/2012","7.7868","7.8233","7.8572","7.7807","","-0.48%"
"07/31/2012","7.8245","7.8206","7.8446","7.7870","","0.05%"
"07/30/2012","7.8209","7.8523","7.8558","7.7987","","-0.51%"
"07/27/2012","7.8610","7.8398","7.9062","7.8112","","0.28%"
"07/26/2012","7.8394","7.7627","7.8713","7.7357","","1.01%"
"07/25/2012","7.7613","7.7041","7.7752","7.6967","","0.76%"
"07/24/2012","7.7024","7.7348","7.7591","7.6897","","-0.48%"
"07/23/2012","7.7393","7.7259","7.7562","7.7064","","-0.09%"
"07/20/2012","7.7462","7.8250","7.8269","7.7403","","-1.00%"
"07/19/2012","7.8245","7.8223","7.8524","7.7928","","0.02%"
"07/18/2012","7.8230","7.8309","7.8433","7.7809","","-0.11%"
"07/17/2012","7.8318","7.8256","7.8549","7.7675","","0.09%"
"07/16/2012","7.8250","7.8193","7.8400","7.7656","","0.14%"
"07/13/2012","7.8142","7.7748","7.8193","7.7581","","0.51%"
"07/12/2012","7.7747","7.7940","7.8010","7.7543","","-0.25%"
"07/11/2012","7.7939","7.7986","7.8315","7.7771","","-0.06%"
"07/10/2012","7.7989","7.8464","7.8523","7.7884","","-0.61%"
"07/09/2012","7.8470","7.8105","7.8528","7.8003","","0.35%"
"07/06/2012","7.8194","7.8764","7.8947","7.8025","","-0.70%"
"07/05/2012","7.8747","7.9518","7.9651","7.8580","","-0.94%"
"07/04/2012","7.9496","8.0078","8.0091","7.9391","","-0.71%"
"07/03/2012","8.0066","7.9882","8.0223","7.9775","","0.23%"
"07/02/2012","7.9882","8.0523","8.0526","7.9791","","-0.66%"
"06/29/2012","8.0416","7.9094","8.0650","7.9036","","1.71%"
"06/28/2012","7.9062","7.9278","7.9677","7.8838","","-0.25%"
"06/27/2012","7.9261","7.9482","7.9649","7.9109","","-0.26%"
"06/26/2012","7.9469","7.9552","7.9724","7.9161","","-0.11%"
"06/25/2012","7.9558","7.9902","7.9991","7.9355","","-0.54%"
"06/22/2012","7.9988","7.9867","8.0099","7.9683","","0.22%"
"06/21/2012","7.9816","8.0798","8.0834","7.9756","","-1.20%"
"06/20/2012","8.0785","8.0618","8.1048","8.0372","","0.22%"
"06/19/2012","8.0609","7.9949","8.0901","7.9888","","0.82%"
"06/18/2012","7.9956","8.0986","8.1152","7.9828","","-0.59%"
"06/15/2012","8.0427","8.0440","8.0623","8.0149","","-0.05%"
"06/14/2012","8.0468","8.0023","8.0511","7.9893","","0.60%"
"06/13/2012","7.9988","7.9670","8.0326","7.9480","","0.37%"
"06/12/2012","7.9692","7.9402","7.9829","7.9262","","0.33%"
"06/11/2012","7.9433","8.0634","8.0708","7.9430","","-0.37%"
"06/08/2012","7.9724","7.9948","8.0027","7.9218","","-0.24%"
"06/07/2012","7.9912","8.0052","8.0348","7.9757","","-0.11%"
"06/06/2012","7.9998","7.9289","8.0103","7.9174","","0.90%"
"06/05/2012","7.9288","7.9519","7.9831","7.9021","","-0.29%"
"06/04/2012","7.9518","7.9186","7.9621","7.8845","","0.43%"
"06/01/2012","7.9179","7.8719","7.9348","7.8269","","0.62%"
"05/31/2012","7.8693","7.8621","7.9161","7.8567","","0.08%"
"05/30/2012","7.8628","7.9271","7.9319","7.8589","","-0.89%"
"05/29/2012","7.9335","7.9575","7.9821","7.9110","","-0.29%"
"05/28/2012","7.9565","7.9733","8.0068","7.9465","","0.22%"
"05/25/2012","7.9394","7.9565","7.9971","7.9277","","-0.17%"
"05/24/2012","7.9532","7.9746","8.0075","7.9402","","-0.22%"
"05/23/2012","7.9704","8.0213","8.0372","7.9470","","-0.55%"
"05/22/2012","8.0147","8.1081","8.1112","8.0033","","-1.13%"
"05/21/2012","8.1062","8.0891","8.1156","8.0519","","0.22%"
"05/18/2012","8.0884","8.0255","8.0970","8.0012","","0.76%"
"05/17/2012","8.0277","8.0399","8.0614","8.0121","","-0.11%"
"05/16/2012","8.0364","8.0443","8.0672","8.0198","","-0.08%"
"05/15/2012","8.0429","8.1071","8.1306","8.0371","","-0.78%"
"05/14/2012","8.1064","8.1294","8.1489","8.1042","","-0.52%"
"05/11/2012","8.1490","8.1660","8.1771","8.1496","","-0.22%"
"05/10/2012","8.1669","8.1599","8.1961","8.1555","","0.09%"
"05/09/2012","8.1596","8.2003","8.2047","8.1469","","-0.49%"
"05/08/2012","8.1999","8.2368","8.2421","8.1889","","-0.40%"
"05/07/2012","8.2330","8.2174","8.2421","8.1701","","-0.19%"
"05/04/2012","8.2489","8.2927","8.3109","8.2482","","-0.50%"
"05/03/2012","8.2901","8.2973","8.3110","8.2583","","-0.06%"
"05/02/2012","8.2950","8.3528","8.3559","8.2770","","-0.67%"
"05/01/2012","8.3511","8.3559","8.3824","8.3316","","-0.03%"
"04/30/2012","8.3536","8.3547","8.3720","8.3338","","-0.09%"
"04/27/2012","8.3611","8.3164","8.3742","8.2990","","0.40%"
"04/26/2012","8.3282","8.3362","8.3612","8.3224","","-0.08%"
"04/25/2012","8.3351","8.3226","8.3449","8.3050","","0.17%"
"04/24/2012","8.3211","8.3002","8.3380","8.2916","","0.31%"
"04/23/2012","8.2957","8.3226","8.3346","8.2671","","-0.53%"
"04/20/2012","8.3403","8.2799","8.3450","8.2782","","0.71%"
"04/19/2012","8.2812","8.2695","8.2991","8.2385","","0.14%"
"04/18/2012","8.2695","8.2720","8.2816","8.2302","","-0.03%"
"04/17/2012","8.2720","8.2939","8.3014","8.2513","","-0.29%"
"04/16/2012","8.2964","8.2342","8.3042","8.1987","","0.68%"
"04/13/2012","8.2405","8.3150","8.3268","8.2366","","-0.90%"
"04/12/2012","8.3156","8.2685","8.3342","8.2627","","0.56%"
"04/11/2012","8.2692","8.2546","8.2996","8.2457","","0.18%"
"04/10/2012","8.2540","8.2673","8.2932","8.2387","","-0.15%"
"04/09/2012","8.2660","8.2598","8.2865","8.2185","","0.12%"
"04/06/2012","8.2560","8.2451","8.2707","8.2316","","0.12%"
"04/05/2012","8.2464","8.2743","8.3080","8.2279","","-0.34%"
"04/04/2012","8.2743","8.3316","8.3376","8.2541","","-0.70%"
"04/03/2012","8.3329","8.3882","8.4195","8.3216","","-0.67%"
"04/02/2012","8.3888","8.4116","8.4283","8.3631","","-0.17%"
"03/30/2012","8.4028","8.3852","8.4273","8.3820","","0.20%"
"03/29/2012","8.3858","8.3943","8.4197","8.3565","","-0.09%"
"03/28/2012","8.3937","8.3972","8.4345","8.3712","","-0.06%"
"03/27/2012","8.3991","8.4311","8.4431","8.3950","","-0.41%"
"03/26/2012","8.4336","8.3659","8.4424","8.3305","","0.81%"
"03/23/2012","8.3659","8.3124","8.3837","8.2973","","0.64%"
"03/22/2012","8.3124","8.3509","8.3729","8.2735","","-0.51%"
"03/21/2012","8.3547","8.3620","8.4038","8.3319","","-0.07%"
"03/20/2012","8.3607","8.3692","8.3819","8.3303","","-0.09%"
"03/19/2012","8.3686","8.3324","8.3865","8.3080","","0.49%"
"03/16/2012","8.3280","8.2778","8.3380","8.2495","","0.60%"
"03/15/2012","8.2784","8.2492","8.3038","8.2332","","0.37%"
"03/14/2012","8.2479","8.2727","8.2918","8.2381","","-0.34%"
"03/13/2012","8.2758","8.3172","8.3410","8.2581","","-0.50%"
"03/12/2012","8.3178","8.2724","8.3252","8.2572","","0.48%"
"03/09/2012","8.2777","8.3881","8.3908","8.2651","","-1.26%"
"03/08/2012","8.3837","8.2947","8.3962","8.2877","","1.03%"
"03/07/2012","8.2979","8.2720","8.3079","8.2635","","0.33%"
"03/06/2012","8.2702","8.3367","8.3474","8.2649","","-0.75%"
"03/05/2012","8.3323","8.3071","8.3510","8.2990","","0.24%"
"03/02/2012","8.3121","8.3867","8.4006","8.3056","","-0.90%"
"03/01/2012","8.3873","8.3861","8.4147","8.3682","","0.01%"
"02/29/2012","8.3861","8.4808","8.4914","8.3800","","-1.12%"
"02/28/2012","8.4815","8.4411","8.4865","8.4339","","0.46%"
"02/27/2012","8.4430","8.4785","8.4895","8.4224","","-0.36%"
"02/24/2012","8.4734","8.4217","8.4938","8.4124","","0.61%"
"02/23/2012","8.4217","8.3384","8.4252","8.3305","","1.00%"
"02/22/2012","8.3384","8.3321","8.3531","8.3181","","0.05%"
"02/21/2012","8.3346","8.3454","8.3741","8.3093","","-0.11%"
"02/20/2012","8.3436","8.3039","8.3668","8.2978","","0.72%"
"02/17/2012","8.2838","8.2756","8.3139","8.2618","","0.08%"
"02/16/2012","8.2769","8.2307","8.2931","8.1758","","0.55%"
"02/15/2012","8.2313","8.2681","8.3124","8.2179","","-0.38%"
"02/14/2012","8.2631","8.3073","8.3271","8.2395","","-0.53%"
"02/13/2012","8.3073","8.3191","8.3661","8.3051","","0.06%"
"02/10/2012","8.3021","8.3606","8.3692","8.2867","","-0.73%"
"02/09/2012","8.3631","8.3449","8.3866","8.3182","","0.25%"
"02/08/2012","8.3424","8.3586","8.3665","8.3212","","-0.22%"
"02/07/2012","8.3612","8.2902","8.3673","8.2557","","0.93%"
"02/06/2012","8.2845","8.2635","8.2961","8.2235","","0.02%"
"02/03/2012","8.2830","8.2823","8.3238","8.2355","","-0.01%"
"02/02/2012","8.2836","8.2994","8.3245","8.2456","","-0.17%"
"02/01/2012","8.2975","8.2515","8.3377","8.2140","","0.60%"
"01/31/2012","8.2477","8.3151","8.3409","8.2282","","-0.81%"
"01/30/2012","8.3151","8.3741","8.3809","8.2816","","-0.73%"
"01/27/2012","8.3760","8.2988","8.3796","8.2830","","0.96%"
"01/26/2012","8.2962","8.2975","8.3514","8.2909","","-0.05%"
"01/25/2012","8.3007","8.2500","8.3112","8.1901","","0.67%"
"01/24/2012","8.2456","8.2500","8.2741","8.2045","","-0.07%"
"01/23/2012","8.2513","8.1506","8.2681","8.1522","","0.75%"
"01/20/2012","8.1898","8.1896","8.2213","8.1637","","0.04%"
"01/19/2012","8.1864","8.1139","8.1943","8.1052","","0.88%"
"01/18/2012","8.1146","8.0404","8.1203","8.0373","","0.90%"
"01/17/2012","8.0423","7.9976","8.0875","7.9894","","0.56%"
"01/16/2012","7.9976","7.9695","8.0151","7.9656","","0.07%"
"01/13/2012","7.9922","8.1006","8.1280","7.9618","","-1.36%"
"01/12/2012","8.1025","8.0243","8.1160","8.0221","","0.99%"
"01/11/2012","8.0231","8.0650","8.0780","7.9968","","-0.52%"
"01/10/2012","8.0650","8.0602","8.0950","8.0464","","0.08%"
"01/09/2012","8.0589","8.0065","8.0741","7.9915","","0.42%"
"01/06/2012","8.0248","8.0575","8.0845","8.0110","","-0.36%"
"01/05/2012","8.0537","8.1458","8.1571","8.0471","","-1.12%"
"01/04/2012","8.1452","8.2137","8.2287","8.1180","","-0.82%"
"01/03/2012","8.2124","8.1400","8.2307","8.1392","","0.93%"
"01/02/2012","8.1369","8.1430","8.1630","8.1300","","-0.10%"
"12/30/2011","8.1449","8.1890","8.1932","8.1224","","-0.53%"
"12/29/2011","8.1884","8.1782","8.1929","8.1241","","0.14%"
"12/28/2011","8.1770","8.2609","8.2741","8.1616","","-1.01%"
"12/27/2011","8.2603","8.2531","8.2746","8.2413","","0.13%"
"12/26/2011","8.2493","8.2652","8.2745","8.2396","","-0.19%"
"12/23/2011","8.2646","8.2720","8.3030","8.2545","","-0.09%"
"12/22/2011","8.2720","8.2687","8.3194","8.2518","","0.06%"
"12/21/2011","8.2668","8.2998","8.3664","8.2560","","-0.40%"
"12/20/2011","8.3004","8.2389","8.3352","8.2324","","0.81%"
"12/19/2011","8.2338","8.2789","8.2830","8.2314","","-0.49%"
"12/16/2011","8.2745","8.2957","8.3148","8.2497","","-0.23%"
"12/15/2011","8.2932","8.2696","8.3180","8.2577","","0.32%"
"12/14/2011","8.2664","8.2927","8.3229","8.2486","","-0.36%"
"12/13/2011","8.2965","8.3875","8.4263","8.2806","","-1.09%"
"12/12/2011","8.3881","8.5158","8.5197","8.3725","","-1.46%"
"12/09/2011","8.5120","8.4873","8.5503","8.4544","","0.28%"
"12/08/2011","8.4879","8.5363","8.5644","8.4553","","-0.53%"
"12/07/2011","8.5331","8.5278","8.5620","8.4977","","0.06%"
"12/06/2011","8.5284","8.5193","8.5469","8.4866","","0.02%"
"12/05/2011","8.5263","8.5441","8.5837","8.5118","","0.04%"
"12/02/2011","8.5231","8.5692","8.6176","8.4987","","-0.52%"
"12/01/2011","8.5673","8.5708","8.6118","8.5416","","-0.05%"
"11/30/2011","8.5714","8.4908","8.6295","8.4477","","0.88%"
"11/29/2011","8.4966","8.4982","8.5729","8.4776","","0.00%"
"11/28/2011","8.4970","8.4965","8.5558","8.4691","","0.63%"
"11/25/2011","8.4436","8.4901","8.4996","8.4310","","-0.55%"
"11/24/2011","8.4907","8.4829","8.5331","8.4716","","0.14%"
"11/23/2011","8.4785","8.5918","8.6084","8.4691","","-1.35%"
"11/22/2011","8.5943","8.5820","8.6317","8.5739","","0.11%"
"11/21/2011","8.5851","8.5851","8.6152","8.5439","","-0.04%"
"11/18/2011","8.5889","8.5471","8.6549","8.5407","","0.50%"
"11/17/2011","8.5459","8.5384","8.6005","8.5161","","0.09%"
"11/16/2011","8.5384","8.5899","8.6037","8.5258","","-0.58%"
"11/15/2011","8.5886","8.6600","8.6794","8.5664","","-0.81%"
"11/14/2011","8.6587","8.7552","8.7602","8.6380","","-0.71%"
"11/11/2011","8.7203","8.6291","8.7497","8.6119","","1.00%"
"11/10/2011","8.6342","8.5870","8.6654","8.5582","","0.52%"
"11/09/2011","8.5896","8.7800","8.7960","8.5742","","-2.18%"
"11/08/2011","8.7806","8.7445","8.7890","8.7122","","0.46%"
"11/07/2011","8.7407","8.7720","8.7750","8.6868","","-0.05%"
"11/04/2011","8.7454","8.7718","8.7925","8.6932","","-0.32%"
"11/03/2011","8.7737","8.7369","8.8002","8.6721","","0.44%"
"11/02/2011","8.7356","8.7021","8.7908","8.6660","","0.39%"
"11/01/2011","8.7014","8.8044","8.8146","8.6482","","-1.18%"
"10/31/2011","8.8057","8.9939","9.0106","8.7880","","-2.08%"
"10/28/2011","8.9926","9.0171","9.0315","8.9865","","-0.30%"
"10/27/2011","9.0196","8.8198","9.0611","8.8090","","2.13%"
"10/26/2011","8.8319","8.8468","8.8798","8.7668","","-0.11%"
"10/25/2011","8.8417","8.8781","8.8836","8.8090","","-0.39%"
"10/24/2011","8.8762","8.8484","8.8983","8.8116","","0.10%"
"10/21/2011","8.8676","8.7906","8.8751","8.7477","","0.86%"
"10/20/2011","8.7919","8.7702","8.8379","8.7185","","0.25%"
"10/19/2011","8.7702","8.7654","8.8463","8.7573","","0.07%"
"10/18/2011","8.7641","8.7452","8.8172","8.7115","","0.14%"
"10/17/2011","8.7516","8.8551","8.8640","8.7430","","-1.11%"
"10/14/2011","8.8495","8.7884","8.8642","8.7587","","0.67%"
"10/13/2011","8.7903","8.7626","8.8192","8.7335","","0.29%"
"10/12/2011","8.7651","8.6993","8.7979","8.6545","","0.79%"
"10/11/2011","8.6967","8.6571","8.7242","8.6404","","0.44%"
"10/10/2011","8.6584","8.5386","8.6968","8.5285","","1.55%"
"10/07/2011","8.5259","8.5644","8.6225","8.5173","","-0.45%"
"10/06/2011","8.5644","8.5119","8.5807","8.4415","","0.67%"
"10/05/2011","8.5074","8.5080","8.5326","8.4526","","-0.04%"
"10/04/2011","8.5106","8.4016","8.5237","8.3803","","1.39%"
"10/03/2011","8.3939","8.5057","8.6661","8.3917","","-1.67%"
"09/30/2011","8.5363","8.6882","8.7024","8.5411","","-1.81%"
"09/29/2011","8.6940","8.6478","8.7518","8.6439","","0.48%"
"09/28/2011","8.6523","8.6929","8.7535","8.6527","","-0.46%"
"09/27/2011","8.6923","8.6539","8.7456","8.6239","","0.40%"
"09/26/2011","8.6577","8.6269","8.6681","8.5392","","0.44%"
"09/23/2011","8.6199","8.5975","8.6695","8.5712","","0.25%"
"09/22/2011","8.5981","8.6636","8.6860","8.5505","","-0.73%"
"09/21/2011","8.6617","8.7457","8.8001","8.6525","","-1.00%"
"09/20/2011","8.7495","8.7315","8.7752","8.6824","","0.13%"
"09/19/2011","8.7385","8.7260","8.7631","8.6825","","-0.76%"
"09/16/2011","8.8052","8.8685","8.8715","8.7795","","-0.74%"
"09/15/2011","8.8704","8.7819","8.9089","8.7551","","0.99%"
"09/14/2011","8.7838","8.7538","8.8111","8.6947","","0.34%"
"09/13/2011","8.7544","8.7301","8.7926","8.6747","","0.26%"
"09/12/2011","8.7320","8.6666","8.7480","8.6245","","0.13%"
"09/09/2011","8.7203","8.8607","8.9030","8.7053","","-1.60%"
"09/08/2011","8.8619","9.0076","9.0119","8.8553","","-1.65%"
"09/07/2011","9.0102","8.9422","9.0434","8.9426","","0.74%"
"09/06/2011","8.9441","9.0006","9.1236","8.9291","","-0.59%"
"09/05/2011","8.9975","9.0401","9.0549","8.9788","","-0.74%"
"09/02/2011","9.0644","9.0974","9.1218","9.0530","","-0.38%"
"09/01/2011","9.0993","9.1684","9.1746","9.0777","","-0.77%"
"08/31/2011","9.1697","9.2100","9.2282","9.1596","","-0.46%"
"08/30/2011","9.2125","9.2612","9.2730","9.1773","","-0.50%"
"08/29/2011","9.2587","9.2574","9.2849","9.2377","","0.00%"
"08/26/2011","9.2587","9.1829","9.2627","9.1514","","0.78%"
"08/25/2011","9.1868","9.2057","9.2505","9.1556","","-0.21%"
"08/24/2011","9.2064","9.2322","9.2522","9.1898","","-0.32%"
"08/23/2011","9.2361","9.1885","9.2760","9.1841","","0.53%"
"08/22/2011","9.1878","9.1864","9.2406","9.1785","","-0.13%"
"08/19/2011","9.1998","9.1507","9.2380","9.1219","","0.53%"
"08/18/2011","9.1514","9.2118","9.2347","9.1160","","-0.74%"
"08/17/2011","9.2195","9.1904","9.2733","9.1516","","0.28%"
"08/16/2011","9.1936","9.2306","9.2394","9.1616","","-0.39%"
"08/15/2011","9.2300","9.1101","9.2519","9.1127","","1.39%"
"08/12/2011","9.1033","9.1037","9.1326","9.0496","","-0.03%"
"08/11/2011","9.1056","9.0874","9.1413","9.0178","","0.12%"
"08/10/2011","9.0945","9.2553","9.2579","9.0885","","-1.57%"
"08/09/2011","9.2392","9.1179","9.2482","9.1068","","1.30%"
"08/08/2011","9.1205","9.2634","9.2675","9.0926","","-0.83%"
"08/05/2011","9.1965","9.0752","9.2092","9.0494","","1.31%"
"08/04/2011","9.0778","9.2199","9.2466","9.0706","","-1.49%"
"08/03/2011","9.2154","9.1309","9.2303","9.1077","","0.87%"
"08/02/2011","9.1360","9.1751","9.1962","9.1102","","-0.39%"
"08/01/2011","9.1719","9.2389","9.2999","9.1265","","-1.00%"
"07/29/2011","9.2646","9.2292","9.2776","9.1585","","0.36%"
"07/28/2011","9.2311","9.2591","9.2774","9.1821","","-0.25%"
"07/27/2011","9.2539","9.3486","9.3629","9.2388","","-0.99%"
"07/26/2011","9.3467","9.2646","9.3583","9.2513","","0.90%"
"07/25/2011","9.2633","9.2802","9.2877","9.2336","","0.11%"
"07/22/2011","9.2532","9.3066","9.3106","9.2343","","-0.56%"
"07/21/2011","9.3053","9.1860","9.3200","9.1257","","1.36%"
"07/20/2011","9.1802","9.1446","9.1943","9.1243","","0.36%"
"07/19/2011","9.1472","9.1210","9.1891","9.0991","","0.25%"
"07/18/2011","9.1242","9.1201","9.1361","9.0628","","-0.20%"
"07/15/2011","9.1423","9.1337","9.1715","9.1056","","0.08%"
"07/14/2011","9.1350","9.1748","9.2372","9.1180","","-0.38%"
"07/13/2011","9.1703","9.0433","9.1916","9.0291","","1.39%"
"07/12/2011","9.0446","9.0816","9.0971","8.9562","","-0.33%"
"07/11/2011","9.0745","9.1893","9.1981","9.0447","","-1.60%"
"07/08/2011","9.2222","9.2827","9.2925","9.1836","","-0.67%"
"07/07/2011","9.2846","9.2582","9.2955","9.1903","","0.30%"
"07/06/2011","9.2569","9.3257","9.3567","9.2399","","-0.75%"
"07/05/2011","9.3270","9.3976","9.4066","9.3099","","-0.72%"
"07/04/2011","9.3950","9.3994","9.4254","9.3656","","0.08%"
"07/01/2011","9.3877","9.3701","9.4082","9.3328","","0.14%"
"06/30/2011","9.3747","9.3270","9.3980","9.3241","","0.48%"
"06/29/2011","9.3296","9.2914","9.3393","9.2598","","0.38%"
"06/28/2011","9.2940","9.2582","9.3161","9.2110","","0.39%"
"06/27/2011","9.2575","9.1847","9.2668","9.1286","","0.77%"
"06/24/2011","9.1866","9.2234","9.2648","9.1560","","-0.39%"
"06/23/2011","9.2228","9.2620","9.2679","9.1356","","-0.48%"
"06/22/2011","9.2672","9.3070","9.3348","9.2647","","-0.49%"
"06/21/2011","9.3128","9.2588","9.3252","9.2537","","0.60%"
"06/20/2011","9.2569","9.2340","9.2748","9.1863","","0.00%"
"06/17/2011","9.2573","9.2011","9.2800","9.1334","","0.64%"
"06/16/2011","9.1985","9.1775","9.2085","9.1123","","0.21%"
"06/15/2011","9.1788","9.3563","9.3667","9.1770","","-1.90%"
"06/14/2011","9.3569","9.3460","9.3952","9.3173","","0.14%"
"06/13/2011","9.3434","9.2847","9.3577","9.2802","","0.51%"
"06/10/2011","9.2957","9.3941","9.4296","9.2809","","-1.03%"
"06/09/2011","9.3928","9.4392","9.4897","9.3754","","-0.48%"
"06/08/2011","9.4385","9.5199","9.5250","9.4308","","-0.84%"
"06/07/2011","9.5186","9.4418","9.5272","9.4241","","0.82%"
"06/06/2011","9.4411","9.4761","9.4982","9.4316","","-0.42%"
"06/03/2011","9.4806","9.3923","9.4884","9.3646","","0.94%"
"06/02/2011","9.3923","9.2771","9.4102","9.2787","","1.30%"
"06/01/2011","9.2720","9.3239","9.3673","9.2695","","-0.58%"
"05/31/2011","9.3265","9.2595","9.3473","9.2602","","0.73%"
"05/30/2011","9.2589","9.2894","9.2941","9.2436","","-0.41%"
"05/27/2011","9.2972","9.1730","9.3009","9.1678","","1.35%"
"05/26/2011","9.1730","9.1447","9.2238","9.1326","","0.32%"
"05/25/2011","9.1434","9.1602","9.1692","9.0986","","-0.22%"
"05/24/2011","9.1634","9.1349","9.1871","9.1052","","0.28%"
"05/23/2011","9.1381","9.1728","9.1833","9.0882","","-0.54%"
"05/20/2011","9.1875","9.3040","9.3255","9.1762","","-1.30%"
"05/19/2011","9.3085","9.2683","9.3188","9.2401","","0.46%"
"05/18/2011","9.2657","9.2609","9.2935","9.2316","","0.05%"
"05/17/2011","9.2615","9.2143","9.2651","9.1867","","0.51%"
"05/16/2011","9.2143","9.1475","9.2709","9.1281","","0.44%"
"05/13/2011","9.1735","9.2540","9.3170","9.1398","","-0.87%"
"05/12/2011","9.2540","9.2199","9.2786","9.1779","","0.41%"
"05/11/2011","9.2160","9.3497","9.3667","9.2002","","-1.45%"
"05/10/2011","9.3517","9.3188","9.3578","9.2665","","0.28%"
"05/09/2011","9.3252","9.3278","9.3815","9.2567","","0.38%"
"05/06/2011","9.2895","9.4408","9.4793","9.2922","","-1.60%"
"05/05/2011","9.4408","9.6258","9.6770","9.4215","","-1.89%"
"05/04/2011","9.6225","9.6278","9.7017","9.6005","","-0.09%"
"05/03/2011","9.6311","9.6185","9.6727","9.5842","","0.08%"
"05/02/2011","9.6231","9.6201","9.6764","9.5809","","0.19%"
"04/29/2011","9.6046","9.6377","9.6582","9.5946","","-0.32%"
"04/28/2011","9.6358","9.6249","9.6773","9.6044","","0.15%"
"04/27/2011","9.6216","9.5588","9.6349","9.5275","","0.68%"
"04/26/2011","9.5562","9.5161","9.5689","9.4451","","0.42%"
"04/25/2011","9.5167","9.4718","9.5557","9.4618","","0.49%"
"04/22/2011","9.4705","9.4465","9.4983","9.4426","","0.25%"
"04/21/2011","9.4465","9.4741","9.5512","9.4361","","-0.26%"
"04/20/2011","9.4715","9.3605","9.4935","9.3461","","1.17%"
"04/19/2011","9.3618","9.2850","9.3739","9.2786","","0.75%"
"04/18/2011","9.2922","9.4168","9.4201","9.2429","","-1.40%"
"04/15/2011","9.4246","9.4600","9.4733","9.4009","","-0.37%"
"04/14/2011","9.4600","9.4339","9.4822","9.3812","","0.28%"
"04/13/2011","9.4339","9.4676","9.4881","9.4163","","-0.34%"
"04/12/2011","9.4663","9.4351","9.4974","9.3987","","0.30%"
"04/11/2011","9.4377","9.4470","9.4668","9.4273","","-0.25%"
"04/08/2011","9.4614","9.3557","9.4693","9.3494","","1.14%"
"04/07/2011","9.3551","9.3789","9.3880","9.3176","","-0.24%"
"04/06/2011","9.3776","9.2958","9.3919","9.2962","","0.86%"
"04/05/2011","9.2978","9.2945","9.3201","9.2569","","0.02%"
"04/04/2011","9.2958","9.3154","9.3425","9.2791","","-0.22%"
"04/01/2011","9.3161","9.2776","9.3287","9.2069","","0.44%"
"03/31/2011","9.2757","9.2614","9.3219","9.2535","","0.17%"
"03/30/2011","9.2601","9.2578","9.2757","9.2136","","0.04%"
"03/29/2011","9.2565","9.2425","9.2845","9.2180","","0.14%"
"03/28/2011","9.2432","9.2090","9.2643","9.1918","","0.11%"
"03/25/2011","9.2326","9.2920","9.3107","9.2154","","-0.67%"
"03/24/2011","9.2953","9.2382","9.3301","9.2206","","0.66%"
"03/23/2011","9.2343","9.3005","9.3238","9.2327","","-0.72%"
"03/22/2011","9.3011","9.3326","9.3424","9.2876","","-0.39%"
"03/21/2011","9.3372","9.3154","9.3496","9.2816","","0.27%"
"03/18/2011","9.3121","9.2132","9.3197","9.1891","","1.02%"
"03/17/2011","9.2185","9.1380","9.2412","9.1134","","0.92%"
"03/16/2011","9.1348","9.1980","9.2030","9.1118","","-0.67%"
"03/15/2011","9.1967","9.1882","9.2108","9.1050","","0.06%"
"03/14/2011","9.1909","9.1782","9.2010","9.1332","","0.53%"
"03/11/2011","9.1427","9.0682","9.1490","9.0409","","0.85%"
"03/10/2011","9.0656","9.1189","9.1526","9.0549","","-0.58%"
"03/09/2011","9.1182","9.1340","9.1480","9.0945","","-0.14%"
"03/08/2011","9.1314","9.1559","9.1892","9.1052","","-0.28%"
"03/07/2011","9.1566","9.1905","9.2048","9.1503","","-0.28%"
"03/04/2011","9.1820","9.1774","9.1998","9.1511","","0.05%"
"03/03/2011","9.1774","9.1125","9.1836","9.0906","","0.73%"
"03/02/2011","9.1112","9.0502","9.1299","9.0334","","0.67%"
"03/01/2011","9.0502","9.0697","9.1038","9.0420","","-0.19%"
"02/28/2011","9.0677","9.0451","9.1056","9.0133","","0.30%"
"02/25/2011","9.0405","9.0674","9.1001","9.0198","","-0.33%"
"02/24/2011","9.0700","9.0368","9.0870","9.0153","","0.38%"
"02/23/2011","9.0354","8.9843","9.0651","8.9797","","0.58%"
"02/22/2011","8.9836","8.9806","9.0176","8.8971","","0.06%"
"02/21/2011","8.9786","9.0058","9.0178","8.9616","","-0.27%"
"02/18/2011","9.0032","8.9602","9.0166","8.9035","","0.49%"
"02/17/2011","8.9589","8.9385","8.9708","8.9146","","0.27%"
"02/16/2011","8.9352","8.8864","8.9556","8.8697","","0.54%"
"02/15/2011","8.8871","8.8967","8.9310","8.8697","","-0.15%"
"02/14/2011","8.9007","8.9034","8.9431","8.8580","","-0.32%"
"02/11/2011","8.9291","8.9549","8.9718","8.8967","","-0.31%"
"02/10/2011","8.9568","9.0480","9.0567","8.9427","","-1.02%"
"02/09/2011","9.0493","8.9264","9.0616","8.9217","","1.35%"
"02/08/2011","8.9291","8.9091","8.9731","8.9036","","0.19%"
"02/07/2011","8.9118","8.8906","8.9401","8.8644","","0.06%"
"02/04/2011","8.9063","8.9391","8.9714","8.8819","","-0.35%"
"02/03/2011","8.9378","9.0545","9.0681","8.9255","","-1.25%"
"02/02/2011","9.0506","9.1178","9.1366","9.0288","","-0.74%"
"02/01/2011","9.1178","9.0351","9.1323","9.0353","","0.91%"
"01/31/2011","9.0357","8.9501","9.0758","8.9342","","0.85%"
"01/28/2011","8.9599","9.0376","9.0505","8.9398","","-0.80%"
"01/27/2011","9.0323","9.0224","9.0569","8.9764","","0.20%"
"01/26/2011","9.0145","9.0067","9.0317","8.9798","","0.04%"
"01/25/2011","9.0113","8.9724","9.0215","8.9336","","0.40%"
"01/24/2011","8.9757","8.9774","9.0080","8.9096","","0.13%"
"01/21/2011","8.9642","8.8703","8.9717","8.8545","","1.05%"
"01/20/2011","8.8709","8.8690","8.9063","8.8217","","0.07%"
"01/19/2011","8.8650","8.8117","8.9125","8.7984","","0.61%"
"01/18/2011","8.8111","8.7613","8.8606","8.7354","","0.61%"
"01/17/2011","8.7580","8.8149","8.8214","8.7311","","-0.59%"
"01/14/2011","8.8103","8.8241","8.8713","8.7718","","-0.13%"
"01/13/2011","8.8215","8.6713","8.8433","8.6361","","1.76%"
"01/12/2011","8.6693","8.5842","8.6821","8.5589","","0.98%"
"01/11/2011","8.5855","8.5921","8.6064","8.5412","","-0.06%"
"01/10/2011","8.5908","8.5363","8.6051","8.5329","","0.41%"
"01/07/2011","8.5556","8.6151","8.6319","8.5535","","-0.74%"
"01/06/2011","8.6191","8.7008","8.7224","8.6115","","-0.97%"
"01/05/2011","8.7035","8.7886","8.8049","8.6461","","-0.98%"
"01/04/2011","8.7899","8.8012","8.8759","8.7811","","-0.10%"
"01/03/2011","8.7986","8.7944","8.8280","8.7314","","-0.18%"
"12/31/2010","8.8148","8.7694","8.8482","8.7613","","0.54%"
"12/30/2010","8.7674","8.7530","8.7916","8.7295","","0.19%"
"12/29/2010","8.7510","8.6883","8.7682","8.6662","","0.70%"
"12/28/2010","8.6903","8.7279","8.7961","8.6734","","-0.44%"
"12/27/2010","8.7285","8.6906","8.7338","8.6611","","0.41%"
"12/24/2010","8.6926","8.7143","8.7272","8.6772","","-0.27%"
"12/23/2010","8.7162","8.7030","8.7431","8.6779","","0.14%"
"12/22/2010","8.7036","8.7180","8.7634","8.6926","","-0.17%"
"12/21/2010","8.7187","8.7609","8.8023","8.7043","","-0.43%"
"12/20/2010","8.7563","8.7706","8.7990","8.7374","","-0.19%"
"12/17/2010","8.7733","8.8198","8.8914","8.7400","","-0.53%"
"12/16/2010","8.8198","8.7907","8.8404","8.7829","","0.35%"
"12/15/2010","8.7887","8.9068","8.9092","8.7900","","-1.32%"
"12/14/2010","8.9061","8.9234","8.9857","8.8944","","-0.17%"
"12/13/2010","8.9214","8.7879","8.9564","8.7772","","1.32%"
"12/10/2010","8.8052","8.8098","8.8348","8.7708","","-0.08%"
"12/09/2010","8.8124","8.8339","8.8706","8.7608","","-0.21%"
"12/08/2010","8.8306","8.8119","8.8484","8.7759","","0.19%"
"12/07/2010","8.8139","8.8449","8.9066","8.8126","","-0.34%"
"12/06/2010","8.8442","8.9162","8.9442","8.8042","","-1.03%"
"12/03/2010","8.9361","8.8064","8.9422","8.7868","","1.44%"
"12/02/2010","8.8090","8.7512","8.8257","8.6980","","0.60%"
"12/01/2010","8.7565","8.6564","8.7834","8.6501","","1.21%"
"11/30/2010","8.6518","8.7386","8.7682","8.6436","","-0.96%"
"11/29/2010","8.7359","8.8578","8.8657","8.7006","","-1.04%"
"11/26/2010","8.8278","8.8784","8.8890","8.8009","","-0.64%"
"11/25/2010","8.8851","8.8683","8.9029","8.8354","","0.19%"
"11/24/2010","8.8683","8.8781","8.9306","8.8379","","-0.16%"
"11/23/2010","8.8828","9.0443","9.0568","8.8771","","-1.81%"
"11/22/2010","9.0469","9.1058","9.1559","9.0173","","-0.44%"
"11/19/2010","9.0866","9.0494","9.1185","9.0321","","0.40%"
"11/18/2010","9.0507","8.9826","9.0665","8.9829","","0.82%"
"11/17/2010","8.9767","8.9524","9.0109","8.9391","","0.23%"
"11/16/2010","8.9557","9.0216","9.0702","8.9266","","-0.74%"
"11/15/2010","9.0229","9.0984","9.1280","9.0109","","-0.71%"
"11/12/2010","9.0878","9.0510","9.1445","9.0109","","0.46%"
"11/11/2010","9.0464","9.1416","9.1664","9.0342","","-1.05%"
"11/10/2010","9.1423","9.1479","9.1727","9.0691","","-0.10%"
"11/09/2010","9.1519","9.2960","9.3062","9.1362","","-1.57%"
"11/08/2010","9.2980","9.3509","9.3750","9.2779","","-0.42%"
"11/05/2010","9.3376","9.4678","9.4909","9.3340","","-1.26%"
"11/04/2010","9.4565","9.4376","9.5172","9.4008","","0.19%"
"11/03/2010","9.4389","9.3725","9.4660","9.3377","","0.70%"
"11/02/2010","9.3732","9.2946","9.3894","9.2877","","0.88%"
"11/01/2010","9.2913","9.3130","9.3711","9.2687","","-0.13%"
"10/29/2010","9.3036","9.3106","9.3290","9.2085","","-0.12%"
"10/28/2010","9.3146","9.1950","9.3258","9.1914","","1.26%"
"10/27/2010","9.1984","9.2309","9.2558","9.1754","","-0.38%"
"10/26/2010","9.2336","9.2991","9.3157","9.2107","","-0.68%"
"10/25/2010","9.2971","9.2917","9.3705","9.2781","","0.10%"
"10/22/2010","9.2877","9.2577","9.3056","9.2241","","0.34%"
"10/21/2010","9.2564","9.2859","9.3386","9.2304","","-0.35%"
"10/20/2010","9.2892","9.1228","9.3079","9.1013","","1.79%"
"10/19/2010","9.1261","9.2671","9.3046","9.1113","","-1.43%"
"10/18/2010","9.2584","9.2794","9.3015","9.1901","","-0.24%"
"10/15/2010","9.2808","9.3606","9.4023","9.2551","","-0.87%"
"10/14/2010","9.3626","9.2988","9.3966","9.2989","","0.65%"
"10/13/2010","9.3021","9.2852","9.3389","9.2712","","0.10%"
"10/12/2010","9.2926","9.2497","9.2991","9.1934","","0.46%"
"10/11/2010","9.2504","9.3341","9.3495","9.2472","","-0.53%"
"10/08/2010","9.2994","9.3116","9.3308","9.2301","","-0.19%"
"10/07/2010","9.3169","9.3175","9.3886","9.2729","","-0.05%"
"10/06/2010","9.3215","9.2571","9.3334","9.2337","","0.71%"
"10/05/2010","9.2558","9.1509","9.2753","9.0613","","1.11%"
"10/04/2010","9.1542","9.2242","9.2272","9.0965","","-0.76%"
"10/01/2010","9.2242","9.1185","9.2289","9.1132","","1.15%"
"09/30/2010","9.1192","9.1096","9.1566","9.0723","","0.06%"
"09/29/2010","9.1136","9.0842","9.1273","8.9930","","0.31%"
"09/28/2010","9.0856","8.9942","9.1000","8.9589","","0.94%"
"09/27/2010","9.0009","9.0356","9.0481","8.9830","","-0.45%"
"09/24/2010","9.0417","8.9268","9.0481","8.9104","","1.30%"
"09/23/2010","8.9254","8.9780","8.9931","8.9190","","-0.63%"
"09/22/2010","8.9820","8.8887","9.0112","8.8838","","1.08%"
"09/21/2010","8.8860","8.7685","8.9077","8.7552","","1.32%"
"09/20/2010","8.7705","8.7749","8.8031","8.7466","","0.00%"
"09/17/2010","8.7702","8.7923","8.8515","8.7531","","-0.23%"
"09/16/2010","8.7903","8.7661","8.8232","8.7296","","0.32%"
"09/15/2010","8.7621","8.7592","8.7865","8.7277","","0.00%"
"09/14/2010","8.7625","8.7035","8.7905","8.6553","","0.66%"
"09/13/2010","8.7049","8.6007","8.7157","8.5998","","1.44%"
"09/10/2010","8.5811","8.6104","8.6307","8.5637","","-0.33%"
"09/09/2010","8.6091","8.6426","8.6599","8.5929","","-0.39%"
"09/08/2010","8.6426","8.6125","8.6724","8.6051","","0.36%"
"09/07/2010","8.6118","8.7366","8.7404","8.6095","","-1.43%"
"09/06/2010","8.7366","8.7650","8.7732","8.7329","","-0.37%"
"09/03/2010","8.7690","8.7307","8.7739","8.7132","","0.45%"
"09/02/2010","8.7300","8.7164","8.7476","8.6935","","0.06%"
"09/01/2010","8.7245","8.6346","8.7565","8.6168","","1.03%"
"08/31/2010","8.6352","8.6138","8.6756","8.5925","","0.23%"
"08/30/2010","8.6152","8.6773","8.6817","8.6115","","-0.69%"
"08/27/2010","8.6752","8.6446","8.6871","8.5799","","0.31%"
"08/26/2010","8.6480","8.6075","8.6791","8.5985","","0.49%"
"08/25/2010","8.6061","8.5821","8.6512","8.5709","","0.28%"
"08/24/2010","8.5821","8.6007","8.6453","8.5549","","-0.27%"
"08/23/2010","8.6054","8.6253","8.6552","8.5997","","-0.25%"
"08/20/2010","8.6267","8.7037","8.7121","8.5988","","-0.88%"
"08/19/2010","8.7037","8.7293","8.7614","8.6722","","-0.30%"
"08/18/2010","8.7300","8.7454","8.7775","8.7056","","-0.20%"
"08/17/2010","8.7474","8.7238","8.7745","8.7090","","0.25%"
"08/16/2010","8.7252","8.6666","8.7586","8.6525","","0.72%"
"08/13/2010","8.6632","8.7022","8.7657","8.6636","","-0.41%"
"08/12/2010","8.6988","8.6998","8.7721","8.6714","","0.05%"
"08/11/2010","8.6944","8.9221","8.9339","8.6919","","-2.57%"
"08/10/2010","8.9235","8.9487","8.9586","8.8533","","-0.34%"
"08/09/2010","8.9541","8.9947","9.0042","8.9435","","-0.39%"
"08/06/2010","8.9893","8.9249","9.0255","8.9047","","0.69%"
"08/05/2010","8.9276","8.9086","8.9628","8.8849","","0.19%"
"08/04/2010","8.9106","8.9611","8.9671","8.8929","","-0.53%"
"08/03/2010","8.9577","8.9261","8.9831","8.9033","","0.33%"
"08/02/2010","8.9281","8.8462","8.9397","8.8421","","1.04%"
"07/30/2010","8.8360","8.8617","8.8702","8.7923","","-0.29%"
"07/29/2010","8.8617","8.8026","8.8820","8.7952","","0.63%"
"07/28/2010","8.8060","8.8122","8.8423","8.7888","","-0.01%"
"07/27/2010","8.8068","8.8043","8.8437","8.7786","","-0.02%"
"07/26/2010","8.8084","8.7466","8.8173","8.7304","","0.68%"
"07/23/2010","8.7493","8.7347","8.7887","8.6747","","0.12%"
"07/22/2010","8.7388","8.6392","8.7662","8.6306","","1.09%"
"07/21/2010","8.6446","8.7302","8.7527","8.6281","","-1.01%"
"07/20/2010","8.7329","8.7748","8.8301","8.7027","","-0.42%"
"07/19/2010","8.7701","8.7350","8.8066","8.7231","","0.11%"
"07/16/2010","8.7601","8.7611","8.8129","8.7325","","-0.10%"
"07/15/2010","8.7686","8.6261","8.7819","8.6084","","1.64%"
"07/14/2010","8.6268","8.6153","8.6531","8.5874","","0.10%"
"07/13/2010","8.6180","8.5232","8.6272","8.4834","","1.10%"
"07/12/2010","8.5239","8.5591","8.5670","8.4965","","-0.37%"
"07/09/2010","8.5557","8.6035","8.6214","8.5382","","-0.53%"
"07/08/2010","8.6015","8.5621","8.6143","8.5526","","0.45%"
"07/07/2010","8.5627","8.5606","8.5836","8.5077","","0.03%"
"07/06/2010","8.5599","8.4954","8.5862","8.4560","","0.75%"
"07/05/2010","8.4961","8.5015","8.5082","8.4751","","-0.10%"
"07/02/2010","8.5043","8.4901","8.5414","8.4558","","0.20%"
"07/01/2010","8.4874","8.2958","8.5023","8.2683","","2.29%"
"06/30/2010","8.2972","8.2823","8.3449","8.2677","","0.21%"
"06/29/2010","8.2796","8.3414","8.3547","8.2597","","-0.77%"
"06/28/2010","8.3441","8.4013","8.4186","8.3356","","-0.70%"
"06/25/2010","8.4033","8.3819","8.4196","8.3221","","0.21%"
"06/24/2010","8.3859","8.3889","8.4238","8.3374","","-0.02%"
"06/23/2010","8.3876","8.3531","8.4088","8.3169","","0.39%"
"06/22/2010","8.3551","8.3716","8.4019","8.3463","","-0.09%"
"06/21/2010","8.3628","8.4951","8.5016","8.3706","","-1.08%"
"06/18/2010","8.4542","8.4574","8.4807","8.4333","","0.02%"
"06/17/2010","8.4529","8.4081","8.4768","8.3622","","0.54%"
"06/16/2010","8.4078","8.4238","8.4436","8.3742","","-0.13%"
"06/15/2010","8.4188","8.3489","8.4368","8.3127","","0.86%"
"06/14/2010","8.3470","8.2865","8.4040","8.2776","","0.89%"
"06/11/2010","8.2736","8.2754","8.3032","8.2291","","0.04%"
"06/10/2010","8.2704","8.1806","8.2911","8.1642","","1.07%"
"06/09/2010","8.1826","8.1765","8.2462","8.1428","","0.07%"
"06/08/2010","8.1768","8.1449","8.2011","8.1273","","0.46%"
"06/07/2010","8.1392","8.1515","8.1934","8.1126","","-0.45%"
"06/04/2010","8.1759","8.3050","8.3421","8.1695","","-1.50%"
"06/03/2010","8.3005","8.3661","8.4193","8.2975","","-0.79%"
"06/02/2010","8.3663","8.3431","8.3843","8.3146","","0.24%"
"06/01/2010","8.3466","8.4020","8.4359","8.2716","","-0.65%"
"05/31/2010","8.4009","8.3820","8.4227","8.3754","","0.26%"
"05/28/2010","8.3790","8.4425","8.5059","8.3839","","-0.80%"
"05/27/2010","8.4462","8.3079","8.4616","8.3003","","1.65%"
"05/26/2010","8.3091","8.4431","8.4592","8.3165","","-1.63%"
"05/25/2010","8.4465","8.4393","8.4507","8.3178","","0.16%"
"05/24/2010","8.4333","8.5615","8.5755","8.4296","","-1.72%"
"05/21/2010","8.5805","8.5188","8.6524","8.5075","","0.82%"
"05/20/2010","8.5107","8.4837","8.5483","8.3959","","0.30%"
"05/19/2010","8.4852","8.3246","8.4660","8.2911","","2.01%"
"05/18/2010","8.3177","8.4625","8.4967","8.3506","","-1.70%"
"05/17/2010","8.4619","8.4287","8.4765","8.3546","","0.29%"
"05/14/2010","8.4373","8.5541","8.5846","8.4352","","-1.36%"
"05/13/2010","8.5532","8.6180","8.6601","8.5544","","-0.72%"
"05/12/2010","8.6150","8.6408","8.6987","8.6062","","-0.30%"
"05/11/2010","8.6408","8.7298","8.7404","8.6449","","-0.96%"
"05/10/2010","8.7247","8.8233","8.9378","8.7158","","0.19%"
"05/07/2010","8.7085","8.6199","8.7356","8.5990","","0.81%"
"05/06/2010","8.6383","8.7507","8.7768","8.5929","","-1.20%"
"05/05/2010","8.7431","8.8598","8.8729","8.7350","","-1.31%"
"05/04/2010","8.8595","9.0039","9.0201","8.8734","","-1.59%"
"05/03/2010","9.0029","9.1106","9.1127","8.9773","","-0.78%"
"04/30/2010","9.0734","9.0366","9.1069","9.0267","","0.52%"
"04/29/2010","9.0266","9.0179","9.0652","8.9982","","0.10%"
"04/28/2010","9.0172","8.9868","9.0558","8.9507","","0.36%"
"04/27/2010","8.9852","9.1389","9.1580","8.9997","","-1.72%"
"04/26/2010","9.1429","9.1126","9.1466","9.0720","","0.07%"
"04/23/2010","9.1366","9.0723","9.1420","9.0127","","0.70%"
"04/22/2010","9.0735","9.1414","9.1612","9.0522","","-0.71%"
"04/21/2010","9.1386","9.1713","9.1809","9.1199","","-0.35%"
"04/20/2010","9.1705","9.2083","9.2297","9.1666","","-0.38%"
"04/19/2010","9.2058","9.1964","9.2130","9.1564","","-0.06%"
"04/16/2010","9.2114","9.2661","9.2726","9.1954","","-0.64%"
"04/15/2010","9.2704","9.3200","9.3269","9.2277","","-0.50%"
"04/14/2010","9.3172","9.2945","9.3371","9.2801","","0.34%"
"04/13/2010","9.2855","9.2758","9.3016","9.2456","","0.15%"
"04/12/2010","9.2720","9.3075","9.3452","9.2580","","0.69%"
"04/09/2010","9.2082","9.1171","9.2096","9.1038","","1.00%"
"04/08/2010","9.1169","9.1048","9.1215","9.0645","","0.14%"
"04/07/2010","9.1044","9.1448","9.1524","9.0949","","-0.42%"
"04/06/2010","9.1428","9.2040","9.2129","9.1151","","-0.68%"
"04/05/2010","9.2050","9.2105","9.2413","9.1870","","-0.12%"
"04/02/2010","9.2158","9.2747","9.2776","9.1968","","-0.61%"
"04/01/2010","9.2728","9.2221","9.2767","9.1859","","0.54%"
"03/31/2010","9.2230","9.1565","9.2480","9.1356","","0.74%"
"03/30/2010","9.1548","9.2028","9.2409","9.1436","","-0.51%"
"03/29/2010","9.2013","9.2032","9.2208","9.1620","","0.51%"
"03/26/2010","9.1549","9.0644","9.1649","9.0585","","1.01%"
"03/25/2010","9.0635","9.0897","9.1398","9.0642","","-0.27%"
"03/24/2010","9.0876","9.2139","9.2190","9.0900","","-1.40%"
"03/23/2010","9.2162","9.2559","9.2643","9.1989","","-0.39%"
"03/22/2010","9.2521","9.2384","9.2624","9.1904","","0.16%"
"03/19/2010","9.2369","9.2884","9.3028","9.2169","","-0.52%"
"03/18/2010","9.2855","9.3755","9.3817","9.2731","","-0.97%"
"03/17/2010","9.3767","9.3987","9.4330","9.3691","","-0.27%"
"03/16/2010","9.4017","9.3347","9.4048","9.3212","","0.74%"
"03/15/2010","9.3324","9.4041","9.4048","9.3102","","-0.63%"
"03/12/2010","9.3918","9.3395","9.4173","9.3308","","0.59%"
"03/11/2010","9.3367","9.3202","9.3450","9.2963","","0.16%"
"03/10/2010","9.3214","9.2838","9.3376","9.2457","","0.39%"
"03/09/2010","9.2851","9.3046","9.3095","9.2395","","-0.20%"
"03/08/2010","9.3033","9.3052","9.3555","9.2879","","0.06%"
"03/05/2010","9.2977","9.2742","9.3045","9.2345","","0.31%"
"03/04/2010","9.2694","9.3480","9.3610","9.2500","","-0.87%"
"03/03/2010","9.3507","9.2921","9.3767","9.2837","","0.69%"
"03/02/2010","9.2868","9.2552","9.2917","9.1720","","0.35%"
"03/01/2010","9.2544","9.3101","9.3227","9.1883","","-0.49%"
"02/26/2010","9.3002","9.2513","9.3404","9.2363","","0.52%"
"02/25/2010","9.2522","9.2399","9.2579","9.1847","","0.15%"
"02/24/2010","9.2388","9.2219","9.3031","9.2183","","0.20%"
"02/23/2010","9.2201","9.2826","9.3485","9.2201","","-0.65%"
"02/22/2010","9.2805","9.3104","9.3234","9.2665","","-0.19%"
"02/19/2010","9.2984","9.2732","9.3035","9.1857","","-0.05%"
"02/18/2010","9.3031","9.2971","9.3292","9.2513","","0.11%"
"02/17/2010","9.2930","9.4072","9.4239","9.2876","","-1.21%"
"02/16/2010","9.4071","9.2927","9.4129","9.2869","","1.25%"
"02/15/2010","9.2910","9.3015","9.3170","9.2790","","-0.13%"
"02/12/2010","9.3033","9.3548","9.3628","9.2462","","-0.49%"
"02/11/2010","9.3493","9.3759","9.4258","9.2902","","-0.25%"
"02/10/2010","9.3728","9.4127","9.4343","9.3390","","-0.39%"
"02/09/2010","9.4099","9.3211","9.4414","9.3132","","0.97%"
"02/08/2010","9.3195","9.3431","9.3624","9.2995","","-0.10%"
"02/05/2010","9.3284","9.3786","9.3858","9.2793","","-0.49%"
"02/04/2010","9.3748","9.4854","9.4911","9.3735","","-1.17%"
"02/03/2010","9.4861","9.5327","9.5760","9.4861","","-0.47%"
"02/02/2010","9.5312","9.5104","9.5381","9.4801","","0.25%"
"02/01/2010","9.5073","9.4620","9.5151","9.4565","","0.45%"
"01/29/2010","9.4647","9.5388","9.5504","9.4637","","-0.72%"
"01/28/2010","9.5329","9.5740","9.5938","9.5142","","-0.39%"
"01/27/2010","9.5705","9.6098","9.6243","9.5628","","-0.39%"
"01/26/2010","9.6084","9.6611","9.6813","9.5856","","-0.53%"
"01/25/2010","9.6592","9.6695","9.6923","9.6447","","0.12%"
"01/22/2010","9.6479","9.6184","9.6774","9.6030","","0.29%"
"01/21/2010","9.6203","9.6281","9.6551","9.5764","","-0.03%"
"01/20/2010","9.6230","9.7624","9.7645","9.6120","","-1.43%"
"01/19/2010","9.7623","9.8183","9.8405","9.7307","","-0.57%"
"01/18/2010","9.8187","9.7974","9.8306","9.7858","","0.00%"
"01/15/2010","9.8191","9.8999","9.9080","9.7940","","-0.82%"
"01/14/2010","9.9005","9.9110","9.9370","9.8633","","-0.08%"
"01/13/2010","9.9089","9.8906","9.9574","9.8690","","0.15%"
"01/12/2010","9.8939","9.9095","9.9323","9.8670","","-0.14%"
"01/11/2010","9.9077","9.8548","9.9378","9.8368","","0.68%"
"01/08/2010","9.8403","9.7783","9.8522","9.7380","","0.66%"
"01/07/2010","9.7756","9.8389","9.8587","9.7624","","-0.64%"
"01/06/2010","9.8385","9.8074","9.8499","9.7524","","0.33%"
"01/05/2010","9.8059","9.8392","9.8902","9.8074","","-0.34%"
"01/04/2010","9.8395","9.7804","9.8716","9.7346","","0.64%"
"01/01/2010","9.7767","9.7773","9.7828","9.7746","","0.04%"